Digit Index,Predicted,Timestamp
1,1,2025-07-13 18:41:10
2,6,2025-07-13 18:41:10
3,0,2025-07-13 18:41:10
1,7,2025-07-13 18:41:28
2,8,2025-07-13 18:41:28
3,4,2025-07-13 18:41:28
1,1,2025-07-13 18:46:41
2,7,2025-07-13 18:46:41
3,1,2025-07-13 18:46:41
1,7,2025-07-13 18:47:10
2,6,2025-07-13 18:47:10
3,3,2025-07-13 18:47:10
4,1,2025-07-13 18:47:10
3,9,2025-07-13 18:47:20
4,9,2025-07-13 18:47:20
5,7,2025-07-13 18:47:20
6,3,2025-07-13 18:47:20
7,9,2025-07-13 18:47:20
8,9,2025-07-13 18:47:20
9,8,2025-07-13 18:47:20
10,9,2025-07-13 18:47:20
11,8,2025-07-13 18:47:20
12,9,2025-07-13 18:47:20
13,9,2025-07-13 18:47:20
14,9,2025-07-13 18:47:20
15,1,2025-07-13 18:47:20
16,9,2025-07-13 18:47:20
17,9,2025-07-13 18:47:20
18,9,2025-07-13 18:47:20
19,9,2025-07-13 18:47:21
20,9,2025-07-13 18:47:21
21,9,2025-07-13 18:47:21
22,9,2025-07-13 18:47:21
23,9,2025-07-13 18:47:21
24,8,2025-07-13 18:47:21
25,9,2025-07-13 18:47:21
26,9,2025-07-13 18:47:21
27,9,2025-07-13 18:47:21
28,4,2025-07-13 18:47:21
29,9,2025-07-13 18:47:21
30,9,2025-07-13 18:47:21
31,5,2025-07-13 18:47:21
32,9,2025-07-13 18:47:21
33,9,2025-07-13 18:47:21
34,9,2025-07-13 18:47:22
35,9,2025-07-13 18:47:22
36,9,2025-07-13 18:47:22
37,9,2025-07-13 18:47:22
38,9,2025-07-13 18:47:22
39,9,2025-07-13 18:47:22
40,9,2025-07-13 18:47:22
41,9,2025-07-13 18:47:22
42,9,2025-07-13 18:47:22
43,9,2025-07-13 18:47:22
44,9,2025-07-13 18:47:22
45,9,2025-07-13 18:47:22
46,9,2025-07-13 18:47:22
47,0,2025-07-13 18:47:22
48,9,2025-07-13 18:47:22
49,9,2025-07-13 18:47:22
50,0,2025-07-13 18:47:22
51,9,2025-07-13 18:47:23
52,9,2025-07-13 18:47:23
53,9,2025-07-13 18:47:23
54,9,2025-07-13 18:47:23
55,9,2025-07-13 18:47:23
56,9,2025-07-13 18:47:23
57,9,2025-07-13 18:47:23
58,9,2025-07-13 18:47:23
59,9,2025-07-13 18:47:23
60,9,2025-07-13 18:47:23
61,9,2025-07-13 18:47:23
62,9,2025-07-13 18:47:23
63,3,2025-07-13 18:47:23
3,9,2025-07-13 18:47:23
4,9,2025-07-13 18:47:23
5,7,2025-07-13 18:47:23
6,3,2025-07-13 18:47:24
7,9,2025-07-13 18:47:24
8,9,2025-07-13 18:47:24
9,8,2025-07-13 18:47:24
10,9,2025-07-13 18:47:24
11,8,2025-07-13 18:47:24
12,9,2025-07-13 18:47:24
13,9,2025-07-13 18:47:24
14,9,2025-07-13 18:47:24
15,1,2025-07-13 18:47:24
16,9,2025-07-13 18:47:24
17,9,2025-07-13 18:47:24
18,9,2025-07-13 18:47:24
19,9,2025-07-13 18:47:24
20,9,2025-07-13 18:47:24
21,9,2025-07-13 18:47:24
22,9,2025-07-13 18:47:25
23,9,2025-07-13 18:47:25
24,8,2025-07-13 18:47:25
25,9,2025-07-13 18:47:25
26,9,2025-07-13 18:47:25
27,9,2025-07-13 18:47:25
28,4,2025-07-13 18:47:25
29,9,2025-07-13 18:47:25
30,9,2025-07-13 18:47:25
31,5,2025-07-13 18:47:25
32,9,2025-07-13 18:47:25
33,9,2025-07-13 18:47:25
34,9,2025-07-13 18:47:25
35,9,2025-07-13 18:47:25
36,9,2025-07-13 18:47:25
37,9,2025-07-13 18:47:25
38,9,2025-07-13 18:47:26
39,9,2025-07-13 18:47:26
40,9,2025-07-13 18:47:26
41,9,2025-07-13 18:47:26
42,9,2025-07-13 18:47:26
43,9,2025-07-13 18:47:26
44,9,2025-07-13 18:47:26
45,9,2025-07-13 18:47:26
46,9,2025-07-13 18:47:26
47,0,2025-07-13 18:47:26
48,9,2025-07-13 18:47:26
49,9,2025-07-13 18:47:26
50,0,2025-07-13 18:47:26
51,9,2025-07-13 18:47:26
52,9,2025-07-13 18:47:26
53,9,2025-07-13 18:47:26
54,9,2025-07-13 18:47:27
55,9,2025-07-13 18:47:27
56,9,2025-07-13 18:47:27
57,9,2025-07-13 18:47:27
58,9,2025-07-13 18:47:27
59,9,2025-07-13 18:47:27
60,9,2025-07-13 18:47:27
61,9,2025-07-13 18:47:27
62,9,2025-07-13 18:47:27
63,3,2025-07-13 18:47:27
1,5,2025-07-13 18:47:52
2,2,2025-07-13 18:47:52
3,1,2025-07-13 18:47:52
1,3,2025-07-13 18:48:10
2,2,2025-07-13 18:48:10
3,1,2025-07-13 18:48:10
4,9,2025-07-13 18:48:10
5,9,2025-07-13 18:48:10
6,9,2025-07-13 18:48:10
7,9,2025-07-13 18:48:10
1,5,2025-07-13 18:48:29
2,2,2025-07-13 18:48:29
3,1,2025-07-13 18:48:29
1,3,2025-07-13 18:48:46
2,2,2025-07-13 18:48:46
3,1,2025-07-13 18:48:46
1,3,2025-07-13 18:48:50
2,2,2025-07-13 18:48:50
3,1,2025-07-13 18:48:50
1,3,2025-07-13 18:49:09
2,9,2025-07-13 18:49:09
3,9,2025-07-13 18:49:09
4,9,2025-07-13 18:49:09
5,2,2025-07-13 18:49:09
6,0,2025-07-13 18:49:09
1,8,2025-07-13 18:49:31
2,7,2025-07-13 18:49:31
3,1,2025-07-13 18:49:31
1,7,2025-07-13 18:49:51
2,4,2025-07-13 18:49:51
3,1,2025-07-13 18:49:51
1,8,2025-07-13 18:50:01
2,9,2025-07-13 18:50:01
3,9,2025-07-13 18:50:01
4,9,2025-07-13 18:50:01
5,3,2025-07-13 18:50:01
6,8,2025-07-13 18:50:01
7,9,2025-07-13 18:50:01
8,9,2025-07-13 18:50:01
1,5,2025-07-13 18:50:08
4,2,2025-07-13 18:50:08
1,2,2025-07-13 18:50:15
1,4,2025-07-13 18:50:21
1,2,2025-07-13 19:11:44
2,1,2025-07-13 19:11:44
3,3,2025-07-13 19:11:44
1,7,2025-07-13 19:12:02
2,8,2025-07-13 19:12:02
3,1,2025-07-13 19:12:03
1,1,2025-07-13 20:26:03
2,1,2025-07-13 20:26:03
3,3,2025-07-13 20:26:03
4,6,2025-07-13 20:26:04
1,1,2025-07-13 20:26:33
2,2,2025-07-13 20:26:33
3,3,2025-07-13 20:26:33
4,5,2025-07-13 20:26:33
1,3,2025-07-13 20:26:57
2,2,2025-07-13 20:26:57
3,2,2025-07-13 20:26:57
4,4,2025-07-13 20:26:57
1,1,2025-07-13 20:27:43
2,1,2025-07-13 20:27:43
3,2,2025-07-13 20:27:43
4,3,2025-07-13 20:27:43
5,1,2025-07-13 20:27:43
6,4,2025-07-13 20:27:43
7,7,2025-07-13 20:27:43
8,6,2025-07-13 20:27:43
9,8,2025-07-13 20:27:43
10,1,2025-07-13 20:27:43
11,0,2025-07-13 20:27:43
1,6,2025-07-13 20:28:08
2,8,2025-07-13 20:28:08
3,0,2025-07-13 20:28:08
4,1,2025-07-13 20:28:08
1,1,2025-07-13 21:39:29
2,1,2025-07-13 21:39:29
3,1,2025-07-13 21:39:29
4,2,2025-07-13 21:39:29
1,1,2025-07-14 09:22:39
2,1,2025-07-14 09:22:39
3,8,2025-07-14 09:22:40
4,4,2025-07-14 09:22:40
1,1,2025-07-14 09:39:34
2,3,2025-07-14 09:39:34
3,2,2025-07-14 09:39:34
1,1,2025-07-14 09:39:48
1,7,2025-07-14 09:40:00
2,7,2025-07-14 09:40:00
3,9,2025-07-14 09:40:00
1,7,2025-07-14 09:40:04
2,7,2025-07-14 09:40:04
3,9,2025-07-14 09:40:04
1,7,2025-07-14 09:40:05
2,7,2025-07-14 09:40:05
3,9,2025-07-14 09:40:05
1,9,2025-07-14 09:40:08
2,9,2025-07-14 09:40:08
3,9,2025-07-14 09:40:09
4,9,2025-07-14 09:40:09
5,9,2025-07-14 09:40:09
6,9,2025-07-14 09:40:09
7,2,2025-07-14 09:40:09
8,7,2025-07-14 09:40:09
9,7,2025-07-14 09:40:09
10,9,2025-07-14 09:40:09
1,8,2025-07-14 09:40:32
2,7,2025-07-14 09:40:32
3,1,2025-07-14 09:40:33
1,8,2025-07-14 09:46:15
2,2,2025-07-14 09:46:15
3,5,2025-07-14 09:46:15
1,1,2025-07-14 09:46:29
2,2,2025-07-14 09:46:29
1,0,2025-07-14 09:47:16
2,1,2025-07-14 09:47:16
3,2,2025-07-14 09:47:16
1,8,2025-07-14 09:47:53
2,1,2025-07-14 09:47:53
3,0,2025-07-14 09:47:53
4,1,2025-07-14 09:47:53
5,9,2025-07-14 09:47:53
6,9,2025-07-14 09:47:53
7,9,2025-07-14 09:47:53
8,9,2025-07-14 09:47:54
1,1,2025-07-14 09:49:16
2,4,2025-07-14 09:49:16
3,3,2025-07-14 09:49:16
4,4,2025-07-14 09:49:16
5,9,2025-07-14 09:49:16
6,1,2025-07-14 09:49:17
7,4,2025-07-14 09:49:17
8,9,2025-07-14 09:49:17
9,8,2025-07-14 09:49:17
10,9,2025-07-14 09:49:17
11,9,2025-07-14 09:49:17
12,9,2025-07-14 09:49:17
13,9,2025-07-14 09:49:17
14,9,2025-07-14 09:49:17
15,9,2025-07-14 09:49:17
16,9,2025-07-14 09:49:17
17,9,2025-07-14 09:49:17
18,4,2025-07-14 09:49:17
19,9,2025-07-14 09:49:17
20,9,2025-07-14 09:49:17
21,2,2025-07-14 09:49:17
22,9,2025-07-14 09:49:17
23,9,2025-07-14 09:49:17
24,9,2025-07-14 09:49:17
25,9,2025-07-14 09:49:17
1,7,2025-07-14 09:50:17
2,2,2025-07-14 09:50:17
3,2,2025-07-14 09:50:17
1,1,2025-07-14 09:50:29
2,6,2025-07-14 09:50:29
3,2,2025-07-14 09:50:29
4,9,2025-07-14 09:50:29
5,9,2025-07-14 09:50:29
6,9,2025-07-14 09:50:29
7,9,2025-07-14 09:50:29
8,9,2025-07-14 09:50:29
9,9,2025-07-14 09:50:29
10,8,2025-07-14 09:50:29
11,9,2025-07-14 09:50:29
12,9,2025-07-14 09:50:30
13,9,2025-07-14 09:50:30
14,0,2025-07-14 09:50:30
15,9,2025-07-14 09:50:30
16,9,2025-07-14 09:50:30
17,9,2025-07-14 09:50:30
18,9,2025-07-14 09:50:30
19,9,2025-07-14 09:50:30
21,9,2025-07-14 09:50:30
22,9,2025-07-14 09:50:30
24,9,2025-07-14 09:50:30
26,1,2025-07-14 09:50:30
27,9,2025-07-14 09:50:30
29,9,2025-07-14 09:50:30
31,9,2025-07-14 09:50:30
32,9,2025-07-14 09:50:30
33,9,2025-07-14 09:50:30
34,7,2025-07-14 09:50:30
35,9,2025-07-14 09:50:30
36,9,2025-07-14 09:50:30
37,9,2025-07-14 09:50:30
38,9,2025-07-14 09:50:31
39,9,2025-07-14 09:50:31
40,9,2025-07-14 09:50:31
41,9,2025-07-14 09:50:31
42,9,2025-07-14 09:50:31
43,3,2025-07-14 09:50:31
44,8,2025-07-14 09:50:31
45,1,2025-07-14 09:50:31
1,7,2025-07-14 09:59:10
2,8,2025-07-14 09:59:10
3,2,2025-07-14 09:59:10
1,1,2025-07-14 09:59:32
2,1,2025-07-14 09:59:32
3,7,2025-07-14 09:59:32
1,1,2025-07-14 09:59:52
2,2,2025-07-14 09:59:52
3,0,2025-07-14 09:59:52
1,1,2025-07-14 10:00:20
2,2,2025-07-14 10:00:20
3,3,2025-07-14 10:00:20
Canvas,1,1,2025-07-14 10:21:08
Canvas,2,2,2025-07-14 10:21:08
Canvas,3,3,2025-07-14 10:21:08
