Source,Digit,Confidence (%),Timestamp
Canvas,2,99.89,12-07-2025 22:53
Canvas,4,37.78,12-07-2025 22:54
Canvas,7,91.49,12-07-2025 22:54
Canvas,4,88.67,12-07-2025 22:56
Canvas,0,37.65,2025-07-12 23:33:06
Canvas,4,54.55,2025-07-12 23:33:26
Canvas,4,96.29,2025-07-13 10:16:23
Canvas,7,92.94,2025-07-13 10:16:37
Canvas,2,46.50,2025-07-13 10:58:04
Canvas,2,99.26,2025-07-13 10:58:17
Canvas,4,86.74,2025-07-13 10:58:29
Canvas,6,36.62,2025-07-13 11:01:26
Canvas,2,78.22,2025-07-13 11:01:39
Canvas,2,77.41,2025-07-13 11:01:49
Canvas,7,49.34,2025-07-13 11:01:58
Canvas,9,76.52,2025-07-13 11:02:07
Canvas,6,42.42,2025-07-13 11:02:17
Canvas,8,99.68,2025-07-13 11:02:26
Camera,1,22.04,2025-07-13 11:03:26
Camera,1,21.88,2025-07-13 11:03:27
Camera,1,21.74,2025-07-13 11:03:27
Camera,1,21.70,2025-07-13 11:03:27
Camera,4,23.45,2025-07-13 11:03:27
Camera,4,24.24,2025-07-13 11:03:27
Camera,1,21.97,2025-07-13 11:03:27
Camera,1,21.97,2025-07-13 11:03:27
Camera,4,21.37,2025-07-13 11:03:27
Camera,7,21.41,2025-07-13 11:03:27
Camera,7,20.20,2025-07-13 11:03:27
Camera,3,20.58,2025-07-13 11:03:28
Camera,3,21.90,2025-07-13 11:03:28
Camera,3,21.46,2025-07-13 11:03:28
Camera,3,21.90,2025-07-13 11:03:28
Camera,3,21.96,2025-07-13 11:03:28
Camera,3,21.96,2025-07-13 11:03:28
Camera,3,21.56,2025-07-13 11:03:28
Camera,3,21.85,2025-07-13 11:03:28
Camera,3,22.19,2025-07-13 11:03:28
Camera,3,20.81,2025-07-13 11:03:28
Camera,3,21.08,2025-07-13 11:03:28
Camera,7,21.08,2025-07-13 11:03:29
Camera,7,20.06,2025-07-13 11:03:29
Camera,7,20.38,2025-07-13 11:03:29
Camera,7,21.51,2025-07-13 11:03:29
Camera,7,21.89,2025-07-13 11:03:29
Camera,7,24.49,2025-07-13 11:03:29
Camera,7,24.49,2025-07-13 11:03:29
Camera,7,24.71,2025-07-13 11:03:29
Camera,7,26.68,2025-07-13 11:03:29
Camera,7,25.96,2025-07-13 11:03:29
Camera,7,27.57,2025-07-13 11:03:29
Camera,7,28.35,2025-07-13 11:03:30
Camera,7,24.44,2025-07-13 11:03:30
Camera,7,22.68,2025-07-13 11:03:30
Camera,7,22.58,2025-07-13 11:03:30
Camera,7,22.58,2025-07-13 11:03:30
Camera,7,25.38,2025-07-13 11:03:30
Camera,7,24.71,2025-07-13 11:03:30
Camera,7,23.79,2025-07-13 11:03:30
Camera,4,23.74,2025-07-13 11:03:30
Camera,4,24.74,2025-07-13 11:03:30
Camera,4,24.74,2025-07-13 11:03:30
Camera,4,25.30,2025-07-13 11:03:30
Camera,4,27.32,2025-07-13 11:03:31
Camera,4,25.43,2025-07-13 11:03:31
Camera,4,23.71,2025-07-13 11:03:31
Camera,4,23.66,2025-07-13 11:03:31
Camera,7,22.95,2025-07-13 11:03:31
Camera,4,22.61,2025-07-13 11:03:31
Camera,4,22.21,2025-07-13 11:03:31
Camera,7,23.35,2025-07-13 11:03:31
Camera,4,22.89,2025-07-13 11:03:31
Camera,7,23.57,2025-07-13 11:03:31
Camera,4,24.18,2025-07-13 11:03:32
Camera,4,23.99,2025-07-13 11:03:32
Camera,4,24.20,2025-07-13 11:03:32
Camera,4,24.91,2025-07-13 11:03:32
Camera,4,24.91,2025-07-13 11:03:32
Camera,4,24.18,2025-07-13 11:03:32
Camera,4,23.63,2025-07-13 11:03:32
Camera,4,23.63,2025-07-13 11:03:32
Camera,4,23.87,2025-07-13 11:03:32
Camera,4,22.87,2025-07-13 11:03:32
Camera,4,23.31,2025-07-13 11:03:32
Camera,4,22.78,2025-07-13 11:03:33
Camera,4,22.05,2025-07-13 11:03:33
Camera,4,23.62,2025-07-13 11:03:33
Camera,4,24.98,2025-07-13 11:03:33
Camera,4,25.40,2025-07-13 11:03:33
Camera,4,24.02,2025-07-13 11:03:33
Camera,4,22.97,2025-07-13 11:03:33
Camera,7,23.14,2025-07-13 11:03:33
Camera,4,22.52,2025-07-13 11:03:33
Camera,7,22.81,2025-07-13 11:03:33
Camera,4,22.02,2025-07-13 11:03:34
Camera,4,23.13,2025-07-13 11:03:34
Camera,4,26.00,2025-07-13 11:03:34
Camera,4,26.00,2025-07-13 11:03:34
Camera,4,25.36,2025-07-13 11:03:34
Camera,4,27.99,2025-07-13 11:03:34
Camera,4,27.97,2025-07-13 11:03:34
Camera,4,26.52,2025-07-13 11:03:34
Camera,4,26.27,2025-07-13 11:03:34
Camera,4,26.27,2025-07-13 11:03:34
Camera,4,25.59,2025-07-13 11:03:34
Camera,4,25.75,2025-07-13 11:03:34
Camera,7,29.72,2025-07-13 11:03:35
Camera,7,29.69,2025-07-13 11:03:35
Camera,7,32.25,2025-07-13 11:03:35
Camera,7,32.25,2025-07-13 11:03:35
Camera,7,33.96,2025-07-13 11:03:35
Camera,7,27.61,2025-07-13 11:03:35
Camera,3,27.06,2025-07-13 11:03:35
Camera,7,27.34,2025-07-13 11:03:35
Camera,7,30.57,2025-07-13 11:03:35
Camera,7,30.57,2025-07-13 11:03:35
Camera,7,30.41,2025-07-13 11:03:35
Camera,7,29.67,2025-07-13 11:03:35
Camera,7,29.58,2025-07-13 11:03:36
Camera,7,26.13,2025-07-13 11:03:36
Camera,7,27.46,2025-07-13 11:03:36
Camera,7,27.46,2025-07-13 11:03:36
Camera,4,26.46,2025-07-13 11:03:36
Camera,7,28.00,2025-07-13 11:03:36
Camera,7,29.76,2025-07-13 11:03:36
Camera,7,36.47,2025-07-13 11:03:36
Camera,7,43.55,2025-07-13 11:03:36
Camera,7,43.55,2025-07-13 11:03:36
Camera,7,28.26,2025-07-13 11:03:36
Camera,7,22.31,2025-07-13 11:03:36
Camera,4,19.63,2025-07-13 11:03:37
Camera,7,21.14,2025-07-13 11:03:37
Camera,7,19.43,2025-07-13 11:03:37
Camera,7,19.43,2025-07-13 11:03:37
Camera,7,20.09,2025-07-13 11:03:37
Camera,4,23.09,2025-07-13 11:03:37
Camera,4,26.09,2025-07-13 11:03:37
Camera,4,28.77,2025-07-13 11:03:37
Camera,4,36.23,2025-07-13 11:03:37
Camera,4,36.23,2025-07-13 11:03:37
Camera,4,36.50,2025-07-13 11:03:37
Camera,4,36.03,2025-07-13 11:03:37
Camera,4,35.23,2025-07-13 11:03:38
Camera,4,37.26,2025-07-13 11:03:38
Camera,4,36.41,2025-07-13 11:03:38
Camera,4,36.41,2025-07-13 11:03:38
Camera,4,34.99,2025-07-13 11:03:38
Camera,4,31.62,2025-07-13 11:03:38
Camera,4,29.10,2025-07-13 11:03:38
Camera,4,25.30,2025-07-13 11:03:38
Camera,7,28.99,2025-07-13 11:03:38
Camera,7,28.99,2025-07-13 11:03:38
Camera,7,28.84,2025-07-13 11:03:38
Camera,7,29.85,2025-07-13 11:03:38
Camera,7,29.10,2025-07-13 11:03:39
Camera,7,28.70,2025-07-13 11:03:39
Camera,7,27.23,2025-07-13 11:03:39
Camera,7,27.23,2025-07-13 11:03:39
Camera,7,26.47,2025-07-13 11:03:39
Camera,4,24.91,2025-07-13 11:03:39
Camera,4,26.74,2025-07-13 11:03:39
Camera,4,27.19,2025-07-13 11:03:39
Camera,4,31.10,2025-07-13 11:03:39
Camera,4,31.10,2025-07-13 11:03:39
Camera,4,35.01,2025-07-13 11:03:39
Camera,4,33.62,2025-07-13 11:03:39
Camera,4,30.96,2025-07-13 11:03:40
Camera,4,30.46,2025-07-13 11:03:40
Camera,4,30.25,2025-07-13 11:03:40
Camera,4,30.25,2025-07-13 11:03:40
Camera,4,28.43,2025-07-13 11:03:40
Camera,4,29.36,2025-07-13 11:03:40
Camera,4,30.31,2025-07-13 11:03:40
Camera,4,29.21,2025-07-13 11:03:40
Camera,4,20.72,2025-07-13 11:03:40
Camera,4,20.72,2025-07-13 11:03:40
Camera,3,24.34,2025-07-13 11:03:40
Camera,3,22.60,2025-07-13 11:03:40
Camera,2,22.14,2025-07-13 11:03:41
Camera,3,19.79,2025-07-13 11:03:41
Camera,3,23.47,2025-07-13 11:03:41
Camera,3,23.47,2025-07-13 11:03:41
Camera,4,24.10,2025-07-13 11:03:41
Camera,4,27.91,2025-07-13 11:03:41
Camera,4,25.99,2025-07-13 11:03:41
Camera,4,26.73,2025-07-13 11:03:41
Camera,4,24.51,2025-07-13 11:03:41
Camera,4,24.51,2025-07-13 11:03:41
Camera,4,26.25,2025-07-13 11:03:41
Camera,4,26.13,2025-07-13 11:03:41
Camera,4,25.73,2025-07-13 11:03:42
Camera,4,24.93,2025-07-13 11:03:42
Camera,4,25.59,2025-07-13 11:03:42
Camera,4,25.59,2025-07-13 11:03:42
Camera,4,26.31,2025-07-13 11:03:42
Camera,7,39.84,2025-07-13 11:03:42
Camera,7,38.37,2025-07-13 11:03:42
Camera,7,38.99,2025-07-13 11:03:42
Camera,7,42.49,2025-07-13 11:03:42
Camera,7,42.49,2025-07-13 11:03:42
Camera,7,42.56,2025-07-13 11:03:42
Camera,7,44.66,2025-07-13 11:03:42
Camera,7,43.56,2025-07-13 11:03:43
Camera,7,38.22,2025-07-13 11:03:43
Camera,7,31.46,2025-07-13 11:03:43
Camera,7,31.46,2025-07-13 11:03:43
Camera,7,31.62,2025-07-13 11:03:43
Camera,7,26.72,2025-07-13 11:03:43
Camera,4,31.82,2025-07-13 11:03:43
Camera,4,31.82,2025-07-13 11:03:43
Camera,4,31.13,2025-07-13 11:03:43
Camera,7,31.02,2025-07-13 11:03:43
Camera,4,28.82,2025-07-13 11:03:43
Camera,4,36.52,2025-07-13 11:03:43
Camera,4,36.52,2025-07-13 11:03:44
Camera,4,31.46,2025-07-13 11:03:44
Camera,4,30.30,2025-07-13 11:03:44
Camera,4,32.75,2025-07-13 11:03:44
Camera,4,33.41,2025-07-13 11:03:44
Camera,4,30.75,2025-07-13 11:03:44
Camera,4,30.75,2025-07-13 11:03:44
Camera,7,31.69,2025-07-13 11:03:44
Camera,7,31.92,2025-07-13 11:03:44
Camera,7,27.34,2025-07-13 11:03:44
Camera,7,26.66,2025-07-13 11:03:44
Camera,4,26.60,2025-07-13 11:03:44
Camera,4,26.60,2025-07-13 11:03:44
Camera,4,30.42,2025-07-13 11:03:45
Camera,3,36.81,2025-07-13 11:03:45
Camera,3,34.53,2025-07-13 11:03:45
Camera,3,33.85,2025-07-13 11:03:45
Camera,3,39.70,2025-07-13 11:03:45
Camera,3,39.70,2025-07-13 11:03:45
Camera,3,44.33,2025-07-13 11:03:45
Camera,3,41.59,2025-07-13 11:03:45
Camera,3,34.81,2025-07-13 11:03:45
Camera,3,38.83,2025-07-13 11:03:45
Camera,3,41.15,2025-07-13 11:03:45
Camera,3,41.15,2025-07-13 11:03:45
Camera,3,39.86,2025-07-13 11:03:46
Camera,3,39.60,2025-07-13 11:03:46
Camera,3,40.27,2025-07-13 11:03:46
Camera,3,44.79,2025-07-13 11:03:46
Camera,3,44.55,2025-07-13 11:03:46
Camera,3,44.55,2025-07-13 11:03:46
Camera,3,43.50,2025-07-13 11:03:46
Camera,3,43.71,2025-07-13 11:03:46
Camera,3,41.92,2025-07-13 11:03:46
Camera,3,36.76,2025-07-13 11:03:46
Camera,3,38.43,2025-07-13 11:03:46
Camera,3,38.43,2025-07-13 11:03:46
Camera,3,37.98,2025-07-13 11:03:47
Camera,3,37.06,2025-07-13 11:03:47
Camera,7,37.07,2025-07-13 11:03:47
Camera,7,40.86,2025-07-13 11:03:47
Camera,7,45.24,2025-07-13 11:03:47
Camera,7,45.24,2025-07-13 11:03:47
Camera,7,47.01,2025-07-13 11:03:47
Camera,7,40.76,2025-07-13 11:03:47
Camera,7,40.47,2025-07-13 11:03:47
Camera,7,39.40,2025-07-13 11:03:47
Camera,7,42.50,2025-07-13 11:03:47
Camera,7,42.50,2025-07-13 11:03:48
Camera,7,46.00,2025-07-13 11:03:48
Camera,7,48.55,2025-07-13 11:03:48
Camera,7,48.55,2025-07-13 11:03:48
Camera,7,39.58,2025-07-13 11:03:48
Camera,7,37.79,2025-07-13 11:03:48
Camera,7,33.96,2025-07-13 11:03:48
Camera,7,31.69,2025-07-13 11:03:48
Camera,7,36.00,2025-07-13 11:03:48
Camera,7,36.00,2025-07-13 11:03:48
Camera,4,35.94,2025-07-13 11:03:48
Camera,7,38.88,2025-07-13 11:03:48
Camera,7,33.11,2025-07-13 11:03:49
Camera,4,39.54,2025-07-13 11:03:49
Camera,7,48.29,2025-07-13 11:03:49
Camera,7,48.29,2025-07-13 11:03:49
Camera,7,64.96,2025-07-13 11:03:49
Camera,7,46.61,2025-07-13 11:03:49
Camera,7,52.50,2025-07-13 11:03:49
Camera,7,61.66,2025-07-13 11:03:49
Camera,7,64.40,2025-07-13 11:03:49
Camera,7,64.40,2025-07-13 11:03:49
Camera,7,65.88,2025-07-13 11:03:49
Camera,7,55.62,2025-07-13 11:03:49
Camera,7,67.75,2025-07-13 11:03:50
Camera,7,63.83,2025-07-13 11:03:50
Camera,7,63.26,2025-07-13 11:03:50
Camera,7,63.26,2025-07-13 11:03:50
Camera,7,62.75,2025-07-13 11:03:50
Camera,7,65.95,2025-07-13 11:03:50
Camera,7,65.90,2025-07-13 11:03:50
Camera,7,60.31,2025-07-13 11:03:50
Camera,7,60.11,2025-07-13 11:03:50
Camera,7,60.11,2025-07-13 11:03:50
Camera,7,56.82,2025-07-13 11:03:50
Camera,7,54.18,2025-07-13 11:03:50
Camera,7,57.37,2025-07-13 11:03:51
Camera,7,55.37,2025-07-13 11:03:51
Camera,7,51.46,2025-07-13 11:03:51
Camera,7,51.46,2025-07-13 11:03:51
Camera,7,45.81,2025-07-13 11:03:51
Camera,7,48.35,2025-07-13 11:03:51
Camera,7,44.98,2025-07-13 11:03:51
Camera,7,44.98,2025-07-13 11:03:51
Camera,7,45.41,2025-07-13 11:03:51
Camera,7,51.61,2025-07-13 11:03:51
Camera,7,55.64,2025-07-13 11:03:51
Camera,7,31.28,2025-07-13 11:03:51
Camera,7,22.57,2025-07-13 11:03:52
Camera,7,22.57,2025-07-13 11:03:52
Camera,3,30.50,2025-07-13 11:03:52
Camera,3,27.88,2025-07-13 11:03:52
Camera,7,32.60,2025-07-13 11:03:52
Camera,7,35.16,2025-07-13 11:03:52
Camera,7,35.16,2025-07-13 11:03:52
Camera,7,26.98,2025-07-13 11:03:52
Camera,7,28.10,2025-07-13 11:03:52
Camera,7,35.37,2025-07-13 11:03:52
Camera,7,39.21,2025-07-13 11:03:52
Camera,7,35.17,2025-07-13 11:03:52
Camera,7,35.17,2025-07-13 11:03:52
Camera,7,28.58,2025-07-13 11:03:53
Camera,8,26.99,2025-07-13 11:03:53
Camera,8,29.97,2025-07-13 11:03:53
Camera,8,24.43,2025-07-13 11:03:53
Camera,8,24.56,2025-07-13 11:03:53
Camera,8,24.56,2025-07-13 11:03:53
Camera,7,21.67,2025-07-13 11:03:53
Camera,3,19.54,2025-07-13 11:03:53
Camera,2,22.81,2025-07-13 11:03:53
Camera,3,24.39,2025-07-13 11:03:53
Camera,2,21.09,2025-07-13 11:03:53
Camera,2,21.09,2025-07-13 11:03:53
Camera,3,24.36,2025-07-13 11:03:54
Camera,3,22.66,2025-07-13 11:03:54
Camera,3,22.48,2025-07-13 11:03:54
Camera,3,22.48,2025-07-13 11:03:54
Camera,3,21.50,2025-07-13 11:03:54
Camera,7,21.82,2025-07-13 11:03:54
Camera,7,22.76,2025-07-13 11:03:54
Camera,2,22.46,2025-07-13 11:03:54
Camera,7,22.89,2025-07-13 11:03:54
Camera,7,22.89,2025-07-13 11:03:54
Camera,2,21.84,2025-07-13 11:03:54
Camera,7,21.48,2025-07-13 11:03:54
Camera,3,35.62,2025-07-13 11:03:55
Camera,7,30.26,2025-07-13 11:03:55
Camera,7,30.26,2025-07-13 11:03:55
Camera,3,25.77,2025-07-13 11:03:55
Camera,3,32.59,2025-07-13 11:03:55
Camera,8,27.65,2025-07-13 11:03:55
Camera,2,32.36,2025-07-13 11:03:55
Camera,2,40.15,2025-07-13 11:03:55
Camera,2,40.15,2025-07-13 11:03:55
Camera,2,35.10,2025-07-13 11:03:55
Camera,8,35.08,2025-07-13 11:03:55
Camera,2,35.83,2025-07-13 11:03:55
Camera,2,22.91,2025-07-13 11:03:56
Camera,3,24.62,2025-07-13 11:03:56
Camera,3,24.62,2025-07-13 11:03:56
Camera,3,23.61,2025-07-13 11:03:56
Camera,3,29.45,2025-07-13 11:03:56
Camera,3,33.22,2025-07-13 11:03:56
Camera,3,30.29,2025-07-13 11:03:56
Camera,3,37.69,2025-07-13 11:03:56
Camera,3,37.69,2025-07-13 11:03:56
Camera,3,39.69,2025-07-13 11:03:56
Camera,3,35.36,2025-07-13 11:03:56
Camera,3,33.53,2025-07-13 11:03:56
Camera,3,34.13,2025-07-13 11:03:57
Camera,3,32.95,2025-07-13 11:03:57
Camera,3,32.95,2025-07-13 11:03:57
Camera,3,32.89,2025-07-13 11:03:57
Camera,3,32.79,2025-07-13 11:03:57
Camera,3,33.76,2025-07-13 11:03:57
Camera,3,33.87,2025-07-13 11:03:57
Camera,3,32.57,2025-07-13 11:03:57
Camera,3,32.57,2025-07-13 11:03:57
Camera,3,32.01,2025-07-13 11:03:57
Camera,3,30.91,2025-07-13 11:03:57
Camera,3,31.34,2025-07-13 11:03:57
Camera,3,30.67,2025-07-13 11:03:58
Camera,3,30.03,2025-07-13 11:03:58
Camera,3,31.13,2025-07-13 11:03:58
Camera,7,29.76,2025-07-13 11:03:58
Camera,7,35.38,2025-07-13 11:03:58
Camera,7,33.31,2025-07-13 11:03:58
Camera,3,27.64,2025-07-13 11:03:58
Camera,3,29.80,2025-07-13 11:03:58
Camera,3,29.80,2025-07-13 11:03:58
Camera,7,33.16,2025-07-13 11:03:58
Camera,7,32.53,2025-07-13 11:03:59
Camera,7,32.37,2025-07-13 11:03:59
Camera,7,32.37,2025-07-13 11:03:59
Camera,7,31.03,2025-07-13 11:03:59
Camera,3,32.34,2025-07-13 11:03:59
Camera,7,27.05,2025-07-13 11:03:59
Camera,3,28.09,2025-07-13 11:03:59
Camera,3,32.67,2025-07-13 11:03:59
Camera,3,32.67,2025-07-13 11:03:59
Camera,3,33.11,2025-07-13 11:03:59
Camera,3,33.25,2025-07-13 11:03:59
Camera,3,32.25,2025-07-13 11:04:00
Camera,3,29.28,2025-07-13 11:04:00
Camera,3,29.20,2025-07-13 11:04:00
Camera,3,29.20,2025-07-13 11:04:00
Camera,3,27.56,2025-07-13 11:04:00
Camera,7,28.14,2025-07-13 11:04:00
Camera,3,30.57,2025-07-13 11:04:00
Camera,3,31.67,2025-07-13 11:04:00
Camera,3,36.95,2025-07-13 11:04:00
Camera,3,36.95,2025-07-13 11:04:00
Camera,3,37.47,2025-07-13 11:04:00
Camera,3,37.92,2025-07-13 11:04:01
Camera,3,40.57,2025-07-13 11:04:01
Camera,3,41.97,2025-07-13 11:04:01
Camera,3,40.35,2025-07-13 11:04:01
Camera,3,41.91,2025-07-13 11:04:01
Camera,3,39.36,2025-07-13 11:04:01
Camera,3,39.36,2025-07-13 11:04:01
Camera,3,37.74,2025-07-13 11:04:01
Camera,3,37.48,2025-07-13 11:04:01
Camera,3,35.50,2025-07-13 11:04:01
Camera,3,37.14,2025-07-13 11:04:01
Camera,3,37.39,2025-07-13 11:04:02
Camera,3,37.39,2025-07-13 11:04:02
Camera,3,35.56,2025-07-13 11:04:02
Camera,3,36.50,2025-07-13 11:04:02
Camera,3,38.84,2025-07-13 11:04:02
Camera,3,38.84,2025-07-13 11:04:02
Camera,3,36.01,2025-07-13 11:04:02
Camera,3,32.38,2025-07-13 11:04:02
Camera,3,31.06,2025-07-13 11:04:02
Camera,3,32.70,2025-07-13 11:04:02
Camera,3,32.47,2025-07-13 11:04:02
Camera,3,33.45,2025-07-13 11:04:03
Camera,3,29.48,2025-07-13 11:04:03
Camera,3,29.48,2025-07-13 11:04:03
Camera,3,30.49,2025-07-13 11:04:03
Camera,3,30.51,2025-07-13 11:04:03
Camera,3,30.79,2025-07-13 11:04:03
Camera,3,31.42,2025-07-13 11:04:03
Camera,3,33.27,2025-07-13 11:04:03
Camera,3,33.27,2025-07-13 11:04:03
Camera,3,33.69,2025-07-13 11:04:03
Camera,3,35.37,2025-07-13 11:04:03
Camera,3,35.44,2025-07-13 11:04:04
Camera,3,35.44,2025-07-13 11:04:04
Camera,3,37.01,2025-07-13 11:04:04
Camera,3,38.87,2025-07-13 11:04:04
Camera,3,34.99,2025-07-13 11:04:04
Camera,3,36.63,2025-07-13 11:04:04
Camera,3,36.63,2025-07-13 11:04:04
Camera,3,33.87,2025-07-13 11:04:04
Camera,3,36.80,2025-07-13 11:04:04
Camera,3,38.39,2025-07-13 11:04:04
Camera,3,35.69,2025-07-13 11:04:04
Camera,3,36.02,2025-07-13 11:04:04
Camera,3,36.02,2025-07-13 11:04:04
Camera,3,36.56,2025-07-13 11:04:05
Camera,3,36.91,2025-07-13 11:04:05
Camera,3,35.47,2025-07-13 11:04:05
Camera,3,35.47,2025-07-13 11:04:05
Camera,3,36.60,2025-07-13 11:04:05
Camera,3,37.30,2025-07-13 11:04:05
Camera,3,35.04,2025-07-13 11:04:05
Camera,3,34.73,2025-07-13 11:04:05
Camera,3,34.73,2025-07-13 11:04:05
Camera,3,31.37,2025-07-13 11:04:05
Camera,3,31.58,2025-07-13 11:04:05
Camera,3,31.54,2025-07-13 11:04:05
Camera,3,32.54,2025-07-13 11:04:06
Camera,3,31.59,2025-07-13 11:04:06
Camera,3,31.59,2025-07-13 11:04:06
Camera,3,32.43,2025-07-13 11:04:06
Camera,3,33.69,2025-07-13 11:04:06
Camera,3,34.20,2025-07-13 11:04:06
Camera,3,34.20,2025-07-13 11:04:06
Camera,3,36.33,2025-07-13 11:04:06
Camera,3,33.62,2025-07-13 11:04:06
Camera,3,33.77,2025-07-13 11:04:06
Camera,3,34.55,2025-07-13 11:04:06
Camera,3,35.81,2025-07-13 11:04:06
Camera,3,35.47,2025-07-13 11:04:07
Camera,3,35.26,2025-07-13 11:04:07
Camera,3,35.26,2025-07-13 11:04:07
Camera,3,35.42,2025-07-13 11:04:07
Camera,3,37.94,2025-07-13 11:04:07
Camera,3,38.99,2025-07-13 11:04:07
Camera,3,38.41,2025-07-13 11:04:07
Camera,3,38.51,2025-07-13 11:04:07
Camera,3,38.51,2025-07-13 11:04:07
Camera,3,38.17,2025-07-13 11:04:07
Camera,3,38.25,2025-07-13 11:04:07
Camera,3,39.42,2025-07-13 11:04:07
Camera,3,38.53,2025-07-13 11:04:08
Camera,3,39.53,2025-07-13 11:04:08
Camera,3,39.53,2025-07-13 11:04:08
Camera,3,39.19,2025-07-13 11:04:08
Camera,3,37.42,2025-07-13 11:04:08
Camera,3,40.18,2025-07-13 11:04:08
Camera,3,38.77,2025-07-13 11:04:08
Camera,3,29.80,2025-07-13 11:04:08
Camera,3,29.80,2025-07-13 11:04:08
Camera,7,26.70,2025-07-13 11:04:08
Camera,7,26.49,2025-07-13 11:04:08
Camera,7,26.28,2025-07-13 11:04:08
Camera,7,27.02,2025-07-13 11:04:09
Camera,7,23.48,2025-07-13 11:04:09
Camera,7,23.48,2025-07-13 11:04:09
Camera,7,26.08,2025-07-13 11:04:09
Camera,7,26.14,2025-07-13 11:04:09
Camera,7,25.22,2025-07-13 11:04:09
Camera,3,28.74,2025-07-13 11:04:09
Camera,3,27.69,2025-07-13 11:04:09
Camera,3,27.69,2025-07-13 11:04:09
Camera,3,36.14,2025-07-13 11:04:09
Camera,3,27.24,2025-07-13 11:04:09
Camera,3,27.32,2025-07-13 11:04:09
Camera,3,28.64,2025-07-13 11:04:10
Camera,3,33.25,2025-07-13 11:04:10
Camera,3,33.25,2025-07-13 11:04:10
Camera,3,30.08,2025-07-13 11:04:10
Camera,3,24.01,2025-07-13 11:04:10
Camera,3,23.77,2025-07-13 11:04:10
Camera,3,26.48,2025-07-13 11:04:10
Camera,3,33.82,2025-07-13 11:04:10
Camera,3,33.82,2025-07-13 11:04:10
Camera,3,27.52,2025-07-13 11:04:10
Camera,3,26.53,2025-07-13 11:04:10
Camera,3,31.56,2025-07-13 11:04:10
Camera,3,31.56,2025-07-13 11:04:10
Camera,3,31.72,2025-07-13 11:04:11
Camera,3,23.50,2025-07-13 11:04:11
Camera,3,31.12,2025-07-13 11:04:11
Camera,3,33.80,2025-07-13 11:04:11
Camera,3,33.80,2025-07-13 11:04:11
Camera,3,25.82,2025-07-13 11:04:11
Camera,3,24.15,2025-07-13 11:04:11
Camera,3,28.60,2025-07-13 11:04:11
Camera,3,39.59,2025-07-13 11:04:11
Camera,3,35.90,2025-07-13 11:04:11
Camera,3,35.90,2025-07-13 11:04:11
Camera,3,33.63,2025-07-13 11:04:11
Camera,3,30.53,2025-07-13 11:04:12
Camera,3,26.08,2025-07-13 11:04:12
Camera,3,29.44,2025-07-13 11:04:12
Camera,3,25.11,2025-07-13 11:04:12
Camera,3,25.11,2025-07-13 11:04:12
Camera,3,23.91,2025-07-13 11:04:12
Camera,3,24.54,2025-07-13 11:04:12
Camera,3,26.46,2025-07-13 11:04:12
Camera,7,26.15,2025-07-13 11:04:12
Camera,7,26.83,2025-07-13 11:04:12
Camera,7,26.83,2025-07-13 11:04:12
Camera,3,25.41,2025-07-13 11:04:12
Camera,3,27.04,2025-07-13 11:04:13
Camera,3,25.51,2025-07-13 11:04:13
Camera,7,26.56,2025-07-13 11:04:13
Camera,7,26.62,2025-07-13 11:04:13
Camera,7,26.62,2025-07-13 11:04:13
Camera,7,27.68,2025-07-13 11:04:13
Camera,7,26.27,2025-07-13 11:04:13
Camera,7,24.92,2025-07-13 11:04:13
Camera,7,25.58,2025-07-13 11:04:13
Camera,7,27.18,2025-07-13 11:04:13
Camera,7,27.18,2025-07-13 11:04:13
Camera,3,28.30,2025-07-13 11:04:13
Camera,3,25.47,2025-07-13 11:04:14
Camera,7,26.08,2025-07-13 11:04:14
Camera,3,24.28,2025-07-13 11:04:14
Camera,7,28.48,2025-07-13 11:04:14
Camera,7,28.48,2025-07-13 11:04:14
Camera,7,31.66,2025-07-13 11:04:14
Camera,7,29.25,2025-07-13 11:04:14
Camera,7,25.83,2025-07-13 11:04:14
Camera,3,24.02,2025-07-13 11:04:14
Camera,7,24.83,2025-07-13 11:04:14
Camera,7,24.83,2025-07-13 11:04:14
Camera,3,24.58,2025-07-13 11:04:14
Camera,3,24.67,2025-07-13 11:04:15
Camera,7,25.33,2025-07-13 11:04:15
Camera,7,25.69,2025-07-13 11:04:15
Camera,7,26.02,2025-07-13 11:04:15
Camera,7,26.02,2025-07-13 11:04:15
Camera,7,27.59,2025-07-13 11:04:15
Camera,3,27.69,2025-07-13 11:04:15
Camera,3,25.57,2025-07-13 11:04:15
Camera,7,26.69,2025-07-13 11:04:15
Camera,7,27.77,2025-07-13 11:04:15
Camera,7,27.77,2025-07-13 11:04:15
Camera,3,29.08,2025-07-13 11:04:15
Camera,3,33.29,2025-07-13 11:04:16
Camera,3,31.15,2025-07-13 11:04:16
Camera,3,30.56,2025-07-13 11:04:16
Camera,3,30.36,2025-07-13 11:04:16
Camera,3,30.36,2025-07-13 11:04:16
Camera,3,22.20,2025-07-13 11:04:16
Camera,3,20.62,2025-07-13 11:04:16
Camera,2,20.87,2025-07-13 11:04:16
Camera,2,20.87,2025-07-13 11:04:16
Camera,2,31.89,2025-07-13 11:04:16
Camera,2,35.06,2025-07-13 11:04:16
Camera,2,31.07,2025-07-13 11:04:16
Camera,2,26.69,2025-07-13 11:04:17
Camera,2,26.69,2025-07-13 11:04:17
Camera,2,25.82,2025-07-13 11:04:17
Camera,2,27.64,2025-07-13 11:04:17
Camera,2,29.27,2025-07-13 11:04:17
Camera,2,40.88,2025-07-13 11:04:17
Camera,2,39.91,2025-07-13 11:04:17
Camera,2,39.91,2025-07-13 11:04:17
Camera,2,46.87,2025-07-13 11:04:17
Camera,2,47.00,2025-07-13 11:04:17
Camera,2,48.49,2025-07-13 11:04:17
Camera,2,32.22,2025-07-13 11:04:17
Camera,2,40.69,2025-07-13 11:04:18
Camera,2,40.69,2025-07-13 11:04:18
Camera,1,18.40,2025-07-13 11:04:18
Camera,4,33.38,2025-07-13 11:04:18
Camera,4,39.57,2025-07-13 11:04:18
Camera,4,38.63,2025-07-13 11:04:18
Camera,2,58.27,2025-07-13 11:04:18
Camera,2,58.27,2025-07-13 11:04:18
Camera,2,58.03,2025-07-13 11:04:18
Camera,2,40.94,2025-07-13 11:04:18
Camera,2,43.24,2025-07-13 11:04:18
Camera,2,43.89,2025-07-13 11:04:18
Camera,4,28.37,2025-07-13 11:04:19
Camera,4,28.37,2025-07-13 11:04:19
Camera,8,29.45,2025-07-13 11:04:19
Camera,8,32.78,2025-07-13 11:04:19
Camera,4,33.32,2025-07-13 11:04:19
Camera,8,16.57,2025-07-13 11:04:19
Camera,6,21.58,2025-07-13 11:04:19
Camera,6,21.58,2025-07-13 11:04:19
Camera,1,32.17,2025-07-13 11:04:19
Camera,1,32.84,2025-07-13 11:04:19
Camera,1,42.02,2025-07-13 11:04:19
Camera,7,43.37,2025-07-13 11:04:19
Camera,7,41.61,2025-07-13 11:04:19
Camera,7,41.61,2025-07-13 11:04:20
Camera,7,73.48,2025-07-13 11:04:20
Camera,7,60.59,2025-07-13 11:04:20
Camera,7,27.43,2025-07-13 11:04:20
Camera,7,27.43,2025-07-13 11:04:20
Camera,7,35.00,2025-07-13 11:04:20
Camera,7,61.36,2025-07-13 11:04:20
Camera,7,68.18,2025-07-13 11:04:20
Camera,7,59.12,2025-07-13 11:04:20
Camera,7,59.12,2025-07-13 11:04:20
Camera,7,53.13,2025-07-13 11:04:20
Camera,7,60.06,2025-07-13 11:04:20
Camera,7,46.38,2025-07-13 11:04:21
Camera,7,54.94,2025-07-13 11:04:21
Camera,7,56.56,2025-07-13 11:04:21
Camera,7,56.56,2025-07-13 11:04:21
Camera,7,62.51,2025-07-13 11:04:21
Camera,7,61.99,2025-07-13 11:04:21
Camera,7,55.85,2025-07-13 11:04:21
Camera,7,53.88,2025-07-13 11:04:21
Camera,7,34.63,2025-07-13 11:04:21
Camera,7,34.63,2025-07-13 11:04:21
Camera,7,31.95,2025-07-13 11:04:21
Camera,7,37.27,2025-07-13 11:04:21
Camera,7,38.19,2025-07-13 11:04:22
Camera,7,32.87,2025-07-13 11:04:22
Camera,7,34.30,2025-07-13 11:04:22
Camera,7,34.30,2025-07-13 11:04:22
Camera,7,35.91,2025-07-13 11:04:22
Camera,7,26.48,2025-07-13 11:04:22
Camera,7,37.36,2025-07-13 11:04:22
Camera,4,30.40,2025-07-13 11:04:22
Camera,4,38.24,2025-07-13 11:04:22
Camera,4,38.24,2025-07-13 11:04:22
Camera,4,36.10,2025-07-13 11:04:22
Camera,4,28.08,2025-07-13 11:04:22
Camera,4,30.14,2025-07-13 11:04:23
Camera,4,28.65,2025-07-13 11:04:23
Camera,4,30.69,2025-07-13 11:04:23
Camera,4,30.69,2025-07-13 11:04:23
Camera,4,29.59,2025-07-13 11:04:23
Camera,4,27.98,2025-07-13 11:04:23
Camera,7,27.14,2025-07-13 11:04:23
Camera,7,27.12,2025-07-13 11:04:23
Camera,4,28.64,2025-07-13 11:04:23
Camera,4,28.64,2025-07-13 11:04:23
Camera,4,31.41,2025-07-13 11:04:23
Camera,4,35.90,2025-07-13 11:04:23
Camera,7,31.88,2025-07-13 11:04:24
Camera,4,31.81,2025-07-13 11:04:24
Camera,4,30.67,2025-07-13 11:04:24
Camera,4,30.67,2025-07-13 11:04:24
Camera,7,34.46,2025-07-13 11:04:24
Camera,7,37.36,2025-07-13 11:04:24
Camera,7,39.38,2025-07-13 11:04:24
Camera,7,39.21,2025-07-13 11:04:24
Camera,4,33.89,2025-07-13 11:04:24
Camera,4,33.89,2025-07-13 11:04:24
Camera,4,42.84,2025-07-13 11:04:24
Camera,4,38.95,2025-07-13 11:04:24
Camera,4,39.34,2025-07-13 11:04:25
Camera,4,38.04,2025-07-13 11:04:25
Camera,4,39.17,2025-07-13 11:04:25
Camera,4,39.17,2025-07-13 11:04:25
Camera,4,39.02,2025-07-13 11:04:25
Camera,4,37.44,2025-07-13 11:04:25
Camera,4,33.83,2025-07-13 11:04:25
Camera,4,32.82,2025-07-13 11:04:25
Camera,4,39.39,2025-07-13 11:04:25
Camera,4,39.39,2025-07-13 11:04:25
Camera,4,40.54,2025-07-13 11:04:25
Camera,4,44.63,2025-07-13 11:04:25
Camera,4,42.70,2025-07-13 11:04:26
Camera,4,40.83,2025-07-13 11:04:26
Camera,4,38.90,2025-07-13 11:04:26
Camera,4,38.90,2025-07-13 11:04:26
Camera,4,36.12,2025-07-13 11:04:26
Camera,4,33.67,2025-07-13 11:04:26
Camera,4,33.80,2025-07-13 11:04:26
Camera,4,33.82,2025-07-13 11:04:26
Camera,4,37.60,2025-07-13 11:04:26
Camera,4,37.60,2025-07-13 11:04:26
Camera,4,37.67,2025-07-13 11:04:26
Camera,4,29.03,2025-07-13 11:04:26
Camera,4,30.19,2025-07-13 11:04:27
Camera,4,29.63,2025-07-13 11:04:27
Camera,4,27.91,2025-07-13 11:04:27
Camera,4,27.91,2025-07-13 11:04:27
Camera,4,28.97,2025-07-13 11:04:27
Camera,4,27.84,2025-07-13 11:04:27
Camera,4,30.17,2025-07-13 11:04:27
Camera,4,30.24,2025-07-13 11:04:27
Camera,4,33.43,2025-07-13 11:04:27
Camera,4,33.43,2025-07-13 11:04:27
Camera,4,31.15,2025-07-13 11:04:27
Camera,4,32.50,2025-07-13 11:04:28
Camera,4,32.50,2025-07-13 11:04:28
Camera,4,32.65,2025-07-13 11:04:28
Camera,4,30.05,2025-07-13 11:04:28
Camera,4,34.23,2025-07-13 11:04:28
Camera,4,41.02,2025-07-13 11:04:28
Camera,4,40.05,2025-07-13 11:04:28
Camera,4,40.05,2025-07-13 11:04:28
Camera,4,35.19,2025-07-13 11:04:28
Camera,7,29.68,2025-07-13 11:04:28
Camera,4,29.83,2025-07-13 11:04:28
Camera,4,29.26,2025-07-13 11:04:28
Camera,7,27.70,2025-07-13 11:04:28
Camera,7,27.70,2025-07-13 11:04:29
Camera,7,28.87,2025-07-13 11:04:29
Camera,4,28.25,2025-07-13 11:04:29
Camera,7,29.16,2025-07-13 11:04:29
Camera,7,29.26,2025-07-13 11:04:29
Camera,7,28.59,2025-07-13 11:04:29
Camera,7,28.59,2025-07-13 11:04:29
Camera,7,31.04,2025-07-13 11:04:29
Camera,7,32.81,2025-07-13 11:04:29
Camera,7,31.70,2025-07-13 11:04:29
Camera,7,29.65,2025-07-13 11:04:29
Camera,4,31.72,2025-07-13 11:04:29
Camera,4,31.72,2025-07-13 11:04:30
Camera,4,32.16,2025-07-13 11:04:30
Camera,7,33.49,2025-07-13 11:04:30
Camera,7,35.75,2025-07-13 11:04:30
Camera,7,40.89,2025-07-13 11:04:30
Camera,7,38.23,2025-07-13 11:04:30
Camera,7,38.23,2025-07-13 11:04:30
Camera,7,37.16,2025-07-13 11:04:30
Camera,7,33.29,2025-07-13 11:04:30
Camera,4,31.65,2025-07-13 11:04:30
Camera,4,31.65,2025-07-13 11:04:30
Camera,7,32.83,2025-07-13 11:04:30
Camera,7,32.93,2025-07-13 11:04:31
Camera,4,32.23,2025-07-13 11:04:31
Camera,4,33.05,2025-07-13 11:04:31
Camera,4,30.59,2025-07-13 11:04:31
Camera,4,30.59,2025-07-13 11:04:31
Camera,4,28.75,2025-07-13 11:04:31
Camera,4,27.66,2025-07-13 11:04:31
Camera,7,30.02,2025-07-13 11:04:31
Camera,7,26.98,2025-07-13 11:04:31
Camera,7,26.98,2025-07-13 11:04:31
Camera,7,28.59,2025-07-13 11:04:31
Camera,7,30.05,2025-07-13 11:04:31
Camera,7,30.34,2025-07-13 11:04:32
Camera,7,30.71,2025-07-13 11:04:32
Camera,7,29.38,2025-07-13 11:04:32
Camera,7,29.38,2025-07-13 11:04:32
Camera,7,29.31,2025-07-13 11:04:32
Camera,7,29.93,2025-07-13 11:04:32
Camera,7,29.64,2025-07-13 11:04:32
Camera,7,32.94,2025-07-13 11:04:32
Camera,7,32.25,2025-07-13 11:04:32
Camera,7,32.25,2025-07-13 11:04:32
Camera,7,35.33,2025-07-13 11:04:32
Camera,7,35.21,2025-07-13 11:04:32
Camera,7,33.95,2025-07-13 11:04:33
Camera,7,35.29,2025-07-13 11:04:33
Camera,7,37.47,2025-07-13 11:04:33
Camera,7,37.47,2025-07-13 11:04:33
Camera,7,40.30,2025-07-13 11:04:33
Camera,7,35.36,2025-07-13 11:04:33
Camera,7,36.72,2025-07-13 11:04:33
Camera,7,35.33,2025-07-13 11:04:33
Camera,7,36.99,2025-07-13 11:04:33
Camera,7,32.29,2025-07-13 11:04:33
Camera,7,33.38,2025-07-13 11:04:33
Camera,4,34.08,2025-07-13 11:04:33
Camera,4,34.08,2025-07-13 11:04:34
Camera,4,35.27,2025-07-13 11:04:34
Camera,4,29.39,2025-07-13 11:04:34
Camera,4,29.78,2025-07-13 11:04:34
Camera,7,26.91,2025-07-13 11:04:34
Camera,4,27.65,2025-07-13 11:04:34
Camera,4,27.65,2025-07-13 11:04:34
Camera,4,28.93,2025-07-13 11:04:34
Camera,7,24.38,2025-07-13 11:04:34
Camera,7,26.20,2025-07-13 11:04:34
Camera,4,23.52,2025-07-13 11:04:34
Camera,7,23.11,2025-07-13 11:04:35
Camera,8,27.56,2025-07-13 11:04:35
Camera,8,27.56,2025-07-13 11:04:35
Camera,8,23.27,2025-07-13 11:04:35
Camera,4,22.78,2025-07-13 11:04:35
Camera,5,31.37,2025-07-13 11:04:35
Camera,5,55.24,2025-07-13 11:04:35
Camera,5,93.12,2025-07-13 11:04:35
Camera,5,93.12,2025-07-13 11:04:35
Camera,5,91.80,2025-07-13 11:04:35
Camera,5,94.87,2025-07-13 11:04:35
Camera,5,88.43,2025-07-13 11:04:35
Camera,5,88.04,2025-07-13 11:04:36
Camera,5,88.04,2025-07-13 11:04:36
Camera,5,91.06,2025-07-13 11:04:36
Camera,5,66.84,2025-07-13 11:04:36
Camera,5,53.13,2025-07-13 11:04:36
Camera,5,43.61,2025-07-13 11:04:36
Camera,7,38.17,2025-07-13 11:04:36
Camera,7,38.17,2025-07-13 11:04:36
Camera,7,44.58,2025-07-13 11:04:36
Camera,7,31.80,2025-07-13 11:04:36
Camera,7,30.31,2025-07-13 11:04:36
Camera,7,29.46,2025-07-13 11:04:36
Camera,7,29.99,2025-07-13 11:04:37
Camera,7,29.99,2025-07-13 11:04:37
Camera,7,35.29,2025-07-13 11:04:37
Camera,7,42.69,2025-07-13 11:04:37
Camera,7,45.62,2025-07-13 11:04:37
Camera,7,43.61,2025-07-13 11:04:37
Camera,7,46.05,2025-07-13 11:04:37
Camera,7,46.05,2025-07-13 11:04:37
Camera,7,42.23,2025-07-13 11:04:37
Camera,7,37.69,2025-07-13 11:04:37
Camera,7,37.24,2025-07-13 11:04:37
Camera,7,37.85,2025-07-13 11:04:37
Camera,7,40.97,2025-07-13 11:04:37
Camera,7,40.97,2025-07-13 11:04:38
Camera,7,41.13,2025-07-13 11:04:38
Camera,7,41.29,2025-07-13 11:04:38
Camera,7,41.44,2025-07-13 11:04:38
Camera,7,26.26,2025-07-13 11:04:38
Camera,7,28.98,2025-07-13 11:04:38
Camera,7,28.98,2025-07-13 11:04:38
Camera,7,25.60,2025-07-13 11:04:38
Camera,4,28.79,2025-07-13 11:04:38
Camera,1,33.34,2025-07-13 11:04:38
Camera,1,33.34,2025-07-13 11:04:38
Camera,1,40.65,2025-07-13 11:04:38
Camera,1,42.17,2025-07-13 11:04:39
Camera,1,46.96,2025-07-13 11:04:39
Camera,1,36.81,2025-07-13 11:04:39
Camera,1,47.30,2025-07-13 11:04:39
Camera,1,47.30,2025-07-13 11:04:39
Camera,1,41.48,2025-07-13 11:04:39
Camera,1,46.90,2025-07-13 11:04:39
Camera,1,44.88,2025-07-13 11:04:39
Camera,1,34.93,2025-07-13 11:04:39
Camera,1,34.93,2025-07-13 11:04:39
Camera,7,34.82,2025-07-13 11:04:39
Camera,7,28.63,2025-07-13 11:04:39
Camera,4,24.30,2025-07-13 11:04:40
Camera,6,18.43,2025-07-13 11:04:40
Camera,2,19.84,2025-07-13 11:04:40
Camera,2,19.84,2025-07-13 11:04:40
Camera,2,19.03,2025-07-13 11:04:40
Camera,2,21.38,2025-07-13 11:04:40
Camera,2,21.07,2025-07-13 11:04:40
Camera,2,22.91,2025-07-13 11:04:40
Camera,2,20.46,2025-07-13 11:04:40
Camera,2,20.46,2025-07-13 11:04:40
Camera,2,17.09,2025-07-13 11:04:40
Camera,2,14.33,2025-07-13 11:04:40
Camera,8,15.18,2025-07-13 11:04:41
Camera,4,17.14,2025-07-13 11:04:41
Camera,4,19.39,2025-07-13 11:04:41
Camera,4,19.39,2025-07-13 11:04:41
Camera,4,18.66,2025-07-13 11:04:41
Camera,4,17.55,2025-07-13 11:04:41
Camera,4,16.73,2025-07-13 11:04:41
Camera,4,16.73,2025-07-13 11:04:41
Camera,8,15.75,2025-07-13 11:04:41
Camera,8,14.99,2025-07-13 11:04:41
Camera,4,16.48,2025-07-13 11:04:41
Camera,8,14.98,2025-07-13 11:04:41
Camera,4,16.41,2025-07-13 11:04:41
Camera,4,16.41,2025-07-13 11:04:42
Camera,4,14.82,2025-07-13 11:04:42
Camera,1,14.70,2025-07-13 11:04:42
Camera,1,14.53,2025-07-13 11:04:42
Camera,4,14.43,2025-07-13 11:04:42
Camera,4,14.43,2025-07-13 11:04:42
Camera,4,14.90,2025-07-13 11:04:42
Camera,4,15.56,2025-07-13 11:04:42
Camera,4,14.90,2025-07-13 11:04:42
Camera,4,15.74,2025-07-13 11:04:42
Camera,4,15.27,2025-07-13 11:04:42
Camera,4,15.27,2025-07-13 11:04:42
Camera,4,14.82,2025-07-13 11:04:43
Camera,4,14.97,2025-07-13 11:04:43
Camera,4,15.18,2025-07-13 11:04:43
Camera,8,14.96,2025-07-13 11:04:43
Camera,8,14.80,2025-07-13 11:04:43
Camera,8,14.80,2025-07-13 11:04:43
Camera,8,14.87,2025-07-13 11:04:43
Camera,8,14.55,2025-07-13 11:04:43
Camera,8,14.66,2025-07-13 11:04:43
Camera,8,14.48,2025-07-13 11:04:43
Camera,4,15.01,2025-07-13 11:04:43
Camera,4,15.01,2025-07-13 11:04:43
Camera,4,21.92,2025-07-13 11:04:44
Camera,4,26.58,2025-07-13 11:04:44
Camera,4,25.75,2025-07-13 11:04:44
Camera,4,27.25,2025-07-13 11:04:44
Camera,4,27.27,2025-07-13 11:04:44
Camera,4,27.27,2025-07-13 11:04:44
Camera,4,30.01,2025-07-13 11:04:44
Camera,4,29.22,2025-07-13 11:04:44
Camera,4,25.38,2025-07-13 11:04:44
Camera,4,18.97,2025-07-13 11:04:44
Camera,4,16.24,2025-07-13 11:04:44
Camera,4,16.24,2025-07-13 11:04:44
Camera,8,15.06,2025-07-13 11:04:45
Camera,4,15.44,2025-07-13 11:04:45
Camera,8,15.53,2025-07-13 11:04:45
Camera,8,15.43,2025-07-13 11:04:45
Camera,4,16.83,2025-07-13 11:04:45
Camera,4,16.83,2025-07-13 11:04:45
Camera,4,16.86,2025-07-13 11:04:45
Camera,4,17.41,2025-07-13 11:04:45
Camera,4,18.88,2025-07-13 11:04:45
Camera,4,17.45,2025-07-13 11:04:45
Camera,4,17.45,2025-07-13 11:04:45
Camera,4,18.00,2025-07-13 11:04:45
Camera,4,17.18,2025-07-13 11:04:46
Camera,4,17.88,2025-07-13 11:04:46
Camera,4,17.88,2025-07-13 11:04:46
Camera,4,17.53,2025-07-13 11:04:46
Camera,4,17.25,2025-07-13 11:04:46
Camera,4,17.25,2025-07-13 11:04:46
Camera,4,16.03,2025-07-13 11:04:46
Camera,4,16.14,2025-07-13 11:04:46
Camera,4,16.01,2025-07-13 11:04:46
Camera,4,16.01,2025-07-13 11:04:46
Camera,4,16.45,2025-07-13 11:04:46
Camera,4,17.31,2025-07-13 11:04:46
Camera,4,16.36,2025-07-13 11:04:47
Camera,4,16.36,2025-07-13 11:04:47
Camera,4,16.97,2025-07-13 11:04:47
Camera,4,16.91,2025-07-13 11:04:47
Camera,4,17.61,2025-07-13 11:04:47
Camera,4,17.61,2025-07-13 11:04:47
Camera,4,16.23,2025-07-13 11:04:47
Camera,4,16.54,2025-07-13 11:04:47
Camera,4,15.93,2025-07-13 11:04:47
Camera,4,15.93,2025-07-13 11:04:47
Camera,4,16.63,2025-07-13 11:04:47
Camera,4,17.20,2025-07-13 11:04:47
Camera,4,19.84,2025-07-13 11:04:48
Camera,4,19.84,2025-07-13 11:04:48
Camera,1,23.85,2025-07-13 11:04:48
Camera,1,19.57,2025-07-13 11:04:48
Camera,1,20.06,2025-07-13 11:04:48
Camera,1,20.06,2025-07-13 11:04:48
Camera,4,26.46,2025-07-13 11:04:48
Camera,1,82.62,2025-07-13 11:04:48
Camera,1,40.90,2025-07-13 11:04:48
Camera,7,26.90,2025-07-13 11:04:48
Camera,7,26.90,2025-07-13 11:04:48
Camera,7,41.78,2025-07-13 11:04:48
Camera,1,37.05,2025-07-13 11:04:48
Camera,1,35.94,2025-07-13 11:04:49
Camera,4,22.44,2025-07-13 11:04:49
Camera,4,22.44,2025-07-13 11:04:49
Camera,7,67.25,2025-07-13 11:04:49
Camera,7,61.08,2025-07-13 11:04:49
Camera,7,63.37,2025-07-13 11:04:49
Camera,7,74.69,2025-07-13 11:04:49
Camera,7,75.53,2025-07-13 11:04:49
Camera,7,75.53,2025-07-13 11:04:49
Camera,7,79.82,2025-07-13 11:04:49
Camera,7,80.48,2025-07-13 11:04:49
Camera,7,71.46,2025-07-13 11:04:49
Camera,7,71.46,2025-07-13 11:04:50
Camera,7,77.71,2025-07-13 11:04:50
Camera,7,78.83,2025-07-13 11:04:50
Camera,7,75.86,2025-07-13 11:04:50
Camera,7,79.53,2025-07-13 11:04:50
Camera,7,79.53,2025-07-13 11:04:50
Camera,7,79.95,2025-07-13 11:04:50
Camera,7,77.65,2025-07-13 11:04:50
Camera,7,80.25,2025-07-13 11:04:50
Camera,7,80.02,2025-07-13 11:04:50
Camera,7,81.19,2025-07-13 11:04:50
Camera,7,81.19,2025-07-13 11:04:50
Camera,7,79.78,2025-07-13 11:04:51
Camera,7,81.57,2025-07-13 11:04:51
Camera,7,84.30,2025-07-13 11:04:51
Camera,7,85.68,2025-07-13 11:04:51
Camera,7,84.53,2025-07-13 11:04:51
Camera,7,84.53,2025-07-13 11:04:51
Camera,7,84.80,2025-07-13 11:04:51
Camera,7,84.05,2025-07-13 11:04:51
Camera,7,81.21,2025-07-13 11:04:51
Camera,7,83.72,2025-07-13 11:04:51
Camera,7,84.16,2025-07-13 11:04:51
Camera,7,84.16,2025-07-13 11:04:51
Camera,7,82.19,2025-07-13 11:04:51
Camera,7,86.50,2025-07-13 11:04:52
Camera,7,85.70,2025-07-13 11:04:52
Camera,7,80.60,2025-07-13 11:04:52
Camera,7,85.24,2025-07-13 11:04:52
Camera,7,85.24,2025-07-13 11:04:52
Camera,7,87.40,2025-07-13 11:04:52
Camera,7,81.66,2025-07-13 11:04:52
Camera,7,84.45,2025-07-13 11:04:52
Camera,7,84.45,2025-07-13 11:04:52
Camera,7,86.51,2025-07-13 11:04:52
Camera,7,82.39,2025-07-13 11:04:52
Camera,7,82.15,2025-07-13 11:04:52
Camera,7,85.36,2025-07-13 11:04:53
Camera,7,82.24,2025-07-13 11:04:53
Camera,7,82.24,2025-07-13 11:04:53
Camera,7,83.70,2025-07-13 11:04:53
Camera,7,84.30,2025-07-13 11:04:53
Camera,7,81.60,2025-07-13 11:04:53
Camera,7,82.33,2025-07-13 11:04:53
Camera,7,82.33,2025-07-13 11:04:53
Camera,7,81.98,2025-07-13 11:04:53
Camera,7,82.68,2025-07-13 11:04:53
Camera,7,84.62,2025-07-13 11:04:53
Camera,7,87.29,2025-07-13 11:04:53
Camera,7,78.61,2025-07-13 11:04:54
Camera,7,78.61,2025-07-13 11:04:54
Camera,4,35.62,2025-07-13 11:04:54
Camera,7,29.68,2025-07-13 11:04:54
Camera,4,25.10,2025-07-13 11:04:54
Camera,4,37.83,2025-07-13 11:04:54
Camera,1,13.80,2025-07-13 11:04:54
Camera,1,13.80,2025-07-13 11:04:54
Camera,7,13.65,2025-07-13 11:04:54
Camera,4,26.57,2025-07-13 11:04:54
Camera,7,26.69,2025-07-13 11:04:54
Camera,7,26.12,2025-07-13 11:04:54
Camera,7,30.67,2025-07-13 11:04:55
Camera,7,30.67,2025-07-13 11:04:55
Camera,7,37.73,2025-07-13 11:04:55
Camera,7,38.39,2025-07-13 11:04:55
Camera,7,38.70,2025-07-13 11:04:55
Camera,7,43.35,2025-07-13 11:04:55
Camera,7,44.83,2025-07-13 11:04:55
Camera,7,44.83,2025-07-13 11:04:55
Camera,7,43.04,2025-07-13 11:04:55
Camera,7,39.86,2025-07-13 11:04:55
Camera,7,38.90,2025-07-13 11:04:55
Camera,7,40.12,2025-07-13 11:04:55
Camera,7,41.54,2025-07-13 11:04:56
Camera,7,41.54,2025-07-13 11:04:56
Camera,7,38.16,2025-07-13 11:04:56
Camera,7,43.18,2025-07-13 11:04:56
Camera,7,43.53,2025-07-13 11:04:56
Camera,7,43.91,2025-07-13 11:04:56
Camera,7,47.53,2025-07-13 11:04:56
Camera,7,47.53,2025-07-13 11:04:56
Camera,7,43.86,2025-07-13 11:04:56
Camera,7,44.41,2025-07-13 11:04:56
Camera,7,43.17,2025-07-13 11:04:56
Camera,7,43.17,2025-07-13 11:04:56
Camera,7,25.88,2025-07-13 11:04:57
Camera,4,32.31,2025-07-13 11:04:57
Camera,8,21.35,2025-07-13 11:04:57
Camera,4,20.43,2025-07-13 11:04:57
Camera,2,17.99,2025-07-13 11:04:57
Camera,2,17.99,2025-07-13 11:04:57
Camera,7,23.35,2025-07-13 11:04:57
Camera,7,52.32,2025-07-13 11:04:57
Camera,7,46.76,2025-07-13 11:04:57
Camera,7,53.16,2025-07-13 11:04:57
Camera,7,53.16,2025-07-13 11:04:57
Camera,1,30.32,2025-07-13 11:04:57
Camera,1,32.46,2025-07-13 11:04:57
Camera,4,28.30,2025-07-13 11:04:58
Camera,4,59.08,2025-07-13 11:04:58
Camera,4,73.31,2025-07-13 11:04:58
Camera,4,73.31,2025-07-13 11:04:58
Camera,4,35.52,2025-07-13 11:04:58
Camera,5,48.82,2025-07-13 11:04:58
Camera,7,40.23,2025-07-13 11:04:58
Camera,5,50.45,2025-07-13 11:04:58
Camera,5,36.19,2025-07-13 11:04:58
Camera,5,36.19,2025-07-13 11:04:58
Camera,7,28.92,2025-07-13 11:04:58
Camera,2,25.98,2025-07-13 11:04:58
Camera,2,26.68,2025-07-13 11:04:59
Camera,4,29.49,2025-07-13 11:04:59
Camera,4,40.74,2025-07-13 11:04:59
Camera,4,40.74,2025-07-13 11:04:59
Camera,4,43.72,2025-07-13 11:04:59
Camera,7,45.89,2025-07-13 11:04:59
Camera,7,45.12,2025-07-13 11:04:59
Camera,4,32.42,2025-07-13 11:04:59
Camera,4,39.33,2025-07-13 11:04:59
Camera,4,39.33,2025-07-13 11:04:59
Camera,7,32.62,2025-07-13 11:04:59
Camera,7,44.92,2025-07-13 11:04:59
Camera,7,44.24,2025-07-13 11:05:00
Camera,7,39.11,2025-07-13 11:05:00
Camera,7,38.86,2025-07-13 11:05:00
Camera,7,38.86,2025-07-13 11:05:00
Camera,7,36.20,2025-07-13 11:05:00
Camera,7,35.52,2025-07-13 11:05:00
Camera,7,35.79,2025-07-13 11:05:00
Camera,7,35.25,2025-07-13 11:05:00
Camera,7,37.35,2025-07-13 11:05:00
Camera,7,37.35,2025-07-13 11:05:00
Camera,7,38.16,2025-07-13 11:05:00
Camera,7,36.24,2025-07-13 11:05:00
Camera,7,36.32,2025-07-13 11:05:01
Camera,7,38.15,2025-07-13 11:05:01
Camera,7,33.23,2025-07-13 11:05:01
Camera,7,33.23,2025-07-13 11:05:01
Camera,7,40.73,2025-07-13 11:05:01
Camera,7,53.74,2025-07-13 11:05:01
Camera,7,42.10,2025-07-13 11:05:01
Camera,7,42.10,2025-07-13 11:05:01
Camera,4,55.88,2025-07-13 11:05:01
Camera,7,40.58,2025-07-13 11:05:01
Camera,7,45.77,2025-07-13 11:05:01
Camera,7,44.65,2025-07-13 11:05:01
Camera,7,44.65,2025-07-13 11:05:02
Camera,7,29.98,2025-07-13 11:05:02
Camera,8,40.43,2025-07-13 11:05:02
Camera,8,35.13,2025-07-13 11:05:02
Camera,1,29.60,2025-07-13 11:05:02
Camera,2,25.71,2025-07-13 11:05:02
Camera,2,25.71,2025-07-13 11:05:02
Camera,2,33.52,2025-07-13 11:05:02
Camera,7,50.39,2025-07-13 11:05:02
Camera,8,23.67,2025-07-13 11:05:02
Camera,4,24.13,2025-07-13 11:05:02
Camera,4,29.28,2025-07-13 11:05:02
Camera,4,29.28,2025-07-13 11:05:03
Camera,0,28.87,2025-07-13 11:05:03
Camera,0,33.12,2025-07-13 11:05:03
Camera,4,24.97,2025-07-13 11:05:03
Camera,4,29.80,2025-07-13 11:05:03
Camera,4,25.57,2025-07-13 11:05:03
Camera,0,29.63,2025-07-13 11:05:03
Camera,0,29.63,2025-07-13 11:05:03
Camera,0,35.24,2025-07-13 11:05:03
Camera,0,27.47,2025-07-13 11:05:03
Camera,0,19.35,2025-07-13 11:05:03
Camera,4,19.51,2025-07-13 11:05:04
Camera,4,19.51,2025-07-13 11:05:04
Camera,4,16.75,2025-07-13 11:05:04
Camera,4,16.83,2025-07-13 11:05:04
Camera,4,23.72,2025-07-13 11:05:04
Camera,0,22.66,2025-07-13 11:05:04
Camera,0,22.53,2025-07-13 11:05:04
Camera,2,20.15,2025-07-13 11:05:04
Camera,2,20.15,2025-07-13 11:05:04
Camera,2,38.32,2025-07-13 11:05:04
Camera,0,23.82,2025-07-13 11:05:04
Camera,0,30.86,2025-07-13 11:05:04
Camera,0,24.76,2025-07-13 11:05:05
Camera,0,27.06,2025-07-13 11:05:05
Camera,0,27.06,2025-07-13 11:05:05
Camera,0,31.73,2025-07-13 11:05:05
Camera,0,22.38,2025-07-13 11:05:05
Camera,1,31.24,2025-07-13 11:05:05
Camera,1,45.17,2025-07-13 11:05:05
Camera,1,53.31,2025-07-13 11:05:05
Camera,7,45.84,2025-07-13 11:05:05
Camera,7,37.57,2025-07-13 11:05:05
Camera,7,37.57,2025-07-13 11:05:05
Camera,7,48.94,2025-07-13 11:05:06
Camera,7,58.43,2025-07-13 11:05:06
Camera,7,61.50,2025-07-13 11:05:06
Camera,7,61.30,2025-07-13 11:05:06
Camera,7,61.91,2025-07-13 11:05:06
Camera,7,61.91,2025-07-13 11:05:06
Camera,7,61.26,2025-07-13 11:05:06
Camera,7,61.82,2025-07-13 11:05:06
Camera,7,64.70,2025-07-13 11:05:06
Camera,7,60.16,2025-07-13 11:05:06
Camera,7,55.05,2025-07-13 11:05:06
Camera,7,55.05,2025-07-13 11:05:06
Camera,7,58.15,2025-07-13 11:05:06
Camera,7,59.25,2025-07-13 11:05:07
Camera,7,58.23,2025-07-13 11:05:07
Camera,7,60.84,2025-07-13 11:05:07
Camera,7,63.38,2025-07-13 11:05:07
Camera,7,63.38,2025-07-13 11:05:07
Camera,7,63.96,2025-07-13 11:05:07
Camera,7,63.33,2025-07-13 11:05:07
Camera,7,63.69,2025-07-13 11:05:07
Camera,7,65.18,2025-07-13 11:05:07
Camera,7,60.06,2025-07-13 11:05:07
Camera,7,60.06,2025-07-13 11:05:07
Camera,7,62.04,2025-07-13 11:05:08
Camera,7,52.06,2025-07-13 11:05:08
Camera,7,52.06,2025-07-13 11:05:08
Camera,7,54.03,2025-07-13 11:05:08
Camera,7,54.80,2025-07-13 11:05:08
Camera,7,48.29,2025-07-13 11:05:08
Camera,7,50.07,2025-07-13 11:05:08
Camera,7,55.31,2025-07-13 11:05:08
Camera,7,55.31,2025-07-13 11:05:08
Camera,5,48.10,2025-07-13 11:05:08
Camera,5,48.45,2025-07-13 11:05:08
Camera,5,51.14,2025-07-13 11:05:08
Camera,5,63.41,2025-07-13 11:05:09
Camera,5,59.76,2025-07-13 11:05:09
Camera,5,59.76,2025-07-13 11:05:09
Camera,5,54.02,2025-07-13 11:05:09
Camera,5,48.02,2025-07-13 11:05:09
Camera,7,46.94,2025-07-13 11:05:09
Camera,7,57.54,2025-07-13 11:05:09
Camera,7,59.20,2025-07-13 11:05:09
Camera,7,59.20,2025-07-13 11:05:09
Camera,7,58.42,2025-07-13 11:05:09
Camera,7,60.55,2025-07-13 11:05:09
Camera,7,63.52,2025-07-13 11:05:09
Camera,7,60.93,2025-07-13 11:05:10
Camera,7,60.83,2025-07-13 11:05:10
Camera,7,60.83,2025-07-13 11:05:10
Camera,7,55.33,2025-07-13 11:05:10
Camera,7,60.02,2025-07-13 11:05:10
Camera,7,53.70,2025-07-13 11:05:10
Camera,7,46.14,2025-07-13 11:05:10
Camera,7,37.99,2025-07-13 11:05:10
Camera,7,37.99,2025-07-13 11:05:10
Camera,1,31.33,2025-07-13 11:05:10
Camera,1,26.41,2025-07-13 11:05:10
Camera,2,33.52,2025-07-13 11:05:10
Camera,2,42.12,2025-07-13 11:05:11
Camera,2,48.49,2025-07-13 11:05:11
Camera,2,48.49,2025-07-13 11:05:11
Camera,2,57.04,2025-07-13 11:05:11
Camera,2,66.10,2025-07-13 11:05:11
Camera,2,62.21,2025-07-13 11:05:11
Camera,2,62.21,2025-07-13 11:05:11
Camera,2,58.10,2025-07-13 11:05:11
Camera,2,59.41,2025-07-13 11:05:11
Camera,2,61.53,2025-07-13 11:05:11
Camera,2,64.63,2025-07-13 11:05:11
Camera,2,64.63,2025-07-13 11:05:11
Camera,2,75.33,2025-07-13 11:05:12
Camera,2,71.44,2025-07-13 11:05:12
Camera,2,65.17,2025-07-13 11:05:12
Camera,2,53.40,2025-07-13 11:05:12
Camera,2,49.18,2025-07-13 11:05:12
Camera,2,49.18,2025-07-13 11:05:12
Camera,2,53.24,2025-07-13 11:05:12
Camera,2,44.58,2025-07-13 11:05:12
Camera,2,44.39,2025-07-13 11:05:12
Camera,2,37.17,2025-07-13 11:05:12
Camera,2,45.79,2025-07-13 11:05:12
Camera,2,45.79,2025-07-13 11:05:12
Camera,2,50.26,2025-07-13 11:05:12
Camera,2,79.63,2025-07-13 11:05:13
Camera,2,56.19,2025-07-13 11:05:13
Camera,2,35.19,2025-07-13 11:05:13
Camera,2,29.85,2025-07-13 11:05:13
Camera,2,29.85,2025-07-13 11:05:13
Camera,2,23.28,2025-07-13 11:05:13
Camera,0,26.16,2025-07-13 11:05:13
Camera,0,31.07,2025-07-13 11:05:13
Camera,0,32.55,2025-07-13 11:05:13
Camera,0,28.72,2025-07-13 11:05:13
Camera,0,28.72,2025-07-13 11:05:13
Camera,0,38.79,2025-07-13 11:05:13
Camera,0,33.39,2025-07-13 11:05:14
Camera,0,29.92,2025-07-13 11:05:14
Camera,0,29.92,2025-07-13 11:05:14
Camera,0,31.03,2025-07-13 11:05:14
Camera,0,30.37,2025-07-13 11:05:14
Camera,0,39.23,2025-07-13 11:05:14
Camera,0,24.36,2025-07-13 11:05:14
Camera,7,30.06,2025-07-13 11:05:14
Camera,7,30.06,2025-07-13 11:05:14
Camera,7,51.50,2025-07-13 11:05:14
Camera,7,51.08,2025-07-13 11:05:14
Camera,7,46.28,2025-07-13 11:05:14
Camera,7,49.37,2025-07-13 11:05:15
Camera,7,49.37,2025-07-13 11:05:15
Camera,8,59.17,2025-07-13 11:05:15
Camera,8,73.24,2025-07-13 11:05:15
Camera,8,45.53,2025-07-13 11:05:15
Camera,5,65.53,2025-07-13 11:05:15
Camera,6,49.32,2025-07-13 11:05:15
Camera,6,49.32,2025-07-13 11:05:15
Camera,4,22.96,2025-07-13 11:05:15
Camera,4,29.62,2025-07-13 11:05:15
Camera,6,31.40,2025-07-13 11:05:15
Camera,6,49.49,2025-07-13 11:05:15
Camera,6,41.25,2025-07-13 11:05:16
Camera,6,41.25,2025-07-13 11:05:16
Camera,6,39.99,2025-07-13 11:05:16
Camera,6,47.01,2025-07-13 11:05:16
Camera,6,61.56,2025-07-13 11:05:16
Camera,6,67.97,2025-07-13 11:05:16
Camera,6,62.11,2025-07-13 11:05:16
Camera,6,62.11,2025-07-13 11:05:16
Camera,6,62.11,2025-07-13 11:05:16
Camera,6,67.70,2025-07-13 11:05:16
Camera,6,66.98,2025-07-13 11:05:16
Camera,6,68.08,2025-07-13 11:05:16
Camera,6,39.10,2025-07-13 11:05:17
Camera,6,39.10,2025-07-13 11:05:17
Camera,4,26.51,2025-07-13 11:05:17
Camera,6,56.47,2025-07-13 11:05:17
Camera,6,60.25,2025-07-13 11:05:17
Camera,6,45.50,2025-07-13 11:05:17
Camera,6,38.23,2025-07-13 11:05:17
Camera,6,38.23,2025-07-13 11:05:17
Camera,6,49.02,2025-07-13 11:05:17
Camera,6,42.21,2025-07-13 11:05:17
Camera,6,37.13,2025-07-13 11:05:17
Camera,6,37.41,2025-07-13 11:05:17
Camera,6,33.29,2025-07-13 11:05:18
Camera,6,33.29,2025-07-13 11:05:18
Camera,6,30.56,2025-07-13 11:05:18
Camera,6,34.15,2025-07-13 11:05:18
Camera,6,32.77,2025-07-13 11:05:18
Camera,6,27.88,2025-07-13 11:05:18
Camera,6,29.80,2025-07-13 11:05:18
Camera,6,29.80,2025-07-13 11:05:18
Camera,6,27.36,2025-07-13 11:05:18
Camera,6,24.17,2025-07-13 11:05:18
Camera,6,30.33,2025-07-13 11:05:18
Camera,6,26.03,2025-07-13 11:05:18
Camera,6,16.60,2025-07-13 11:05:19
Camera,6,16.60,2025-07-13 11:05:19
Camera,6,21.01,2025-07-13 11:05:19
Camera,6,21.21,2025-07-13 11:05:19
Camera,6,20.59,2025-07-13 11:05:19
Camera,6,16.49,2025-07-13 11:05:19
Camera,7,19.27,2025-07-13 11:05:19
Camera,7,16.90,2025-07-13 11:05:19
Camera,7,16.90,2025-07-13 11:05:19
Camera,0,17.66,2025-07-13 11:05:19
Camera,6,19.67,2025-07-13 11:05:19
Camera,6,19.67,2025-07-13 11:05:19
Camera,6,25.45,2025-07-13 11:05:20
Camera,0,29.97,2025-07-13 11:05:20
Camera,0,27.73,2025-07-13 11:05:20
Camera,0,26.89,2025-07-13 11:05:20
Camera,0,22.53,2025-07-13 11:05:20
Camera,0,21.56,2025-07-13 11:05:20
Camera,6,21.54,2025-07-13 11:05:20
Camera,6,19.49,2025-07-13 11:05:20
Camera,6,18.84,2025-07-13 11:05:20
Camera,6,21.07,2025-07-13 11:05:20
Camera,6,22.07,2025-07-13 11:05:20
Camera,7,20.68,2025-07-13 11:05:20
Camera,7,21.92,2025-07-13 11:05:20
Camera,7,24.07,2025-07-13 11:05:21
Camera,7,23.44,2025-07-13 11:05:21
Camera,7,25.24,2025-07-13 11:05:21
Camera,7,25.97,2025-07-13 11:05:21
Camera,7,26.49,2025-07-13 11:05:21
Camera,7,25.65,2025-07-13 11:05:21
Camera,7,25.88,2025-07-13 11:05:21
Camera,7,26.01,2025-07-13 11:05:21
Camera,7,25.00,2025-07-13 11:05:21
Camera,7,24.87,2025-07-13 11:05:21
Camera,7,23.81,2025-07-13 11:05:21
Camera,7,21.14,2025-07-13 11:05:21
Camera,7,20.75,2025-07-13 11:05:22
Camera,7,20.75,2025-07-13 11:05:22
Camera,7,23.38,2025-07-13 11:05:22
Camera,7,23.86,2025-07-13 11:05:22
Camera,7,21.26,2025-07-13 11:05:22
Camera,7,21.26,2025-07-13 11:05:22
Camera,6,24.75,2025-07-13 11:05:22
Camera,6,26.30,2025-07-13 11:05:22
Camera,6,27.18,2025-07-13 11:05:22
Camera,6,27.18,2025-07-13 11:05:22
Camera,6,26.81,2025-07-13 11:05:22
Camera,6,28.43,2025-07-13 11:05:22
Camera,6,25.98,2025-07-13 11:05:23
Camera,6,25.98,2025-07-13 11:05:23
Camera,6,29.99,2025-07-13 11:05:23
Camera,6,29.37,2025-07-13 11:05:23
Camera,6,28.84,2025-07-13 11:05:23
Camera,6,28.84,2025-07-13 11:05:23
Camera,6,28.68,2025-07-13 11:05:23
Camera,6,25.66,2025-07-13 11:05:23
Camera,6,25.66,2025-07-13 11:05:23
Camera,6,29.45,2025-07-13 11:05:23
Camera,6,25.53,2025-07-13 11:05:23
Camera,6,25.71,2025-07-13 11:05:23
Camera,6,28.18,2025-07-13 11:05:23
Camera,6,28.18,2025-07-13 11:05:24
Camera,6,27.62,2025-07-13 11:05:24
Camera,6,28.86,2025-07-13 11:05:24
Camera,6,28.86,2025-07-13 11:05:24
Camera,6,27.35,2025-07-13 11:05:24
Camera,6,26.02,2025-07-13 11:05:24
Camera,6,23.19,2025-07-13 11:05:24
Camera,6,23.19,2025-07-13 11:05:24
Camera,6,25.00,2025-07-13 11:05:24
Camera,6,26.60,2025-07-13 11:05:24
Camera,6,26.94,2025-07-13 11:05:24
Camera,6,26.94,2025-07-13 11:05:24
Camera,6,26.64,2025-07-13 11:05:25
Camera,6,26.55,2025-07-13 11:05:25
Camera,6,27.46,2025-07-13 11:05:25
Camera,6,27.46,2025-07-13 11:05:25
Camera,6,26.05,2025-07-13 11:05:25
Camera,6,26.54,2025-07-13 11:05:25
Camera,6,25.43,2025-07-13 11:05:25
Camera,6,25.43,2025-07-13 11:05:25
Camera,6,26.19,2025-07-13 11:05:25
Camera,6,26.30,2025-07-13 11:05:25
Camera,6,25.74,2025-07-13 11:05:25
Camera,6,25.74,2025-07-13 11:05:25
Camera,6,24.44,2025-07-13 11:05:26
Camera,6,19.93,2025-07-13 11:05:26
Camera,6,19.93,2025-07-13 11:05:26
Camera,4,20.40,2025-07-13 11:05:26
Camera,6,33.78,2025-07-13 11:05:26
Camera,6,33.31,2025-07-13 11:05:26
Camera,6,33.31,2025-07-13 11:05:26
Camera,6,36.14,2025-07-13 11:05:26
Camera,5,50.08,2025-07-13 11:05:26
Camera,5,72.22,2025-07-13 11:05:26
Camera,5,72.22,2025-07-13 11:05:26
Camera,5,68.39,2025-07-13 11:05:26
Camera,5,60.24,2025-07-13 11:05:27
Camera,5,40.68,2025-07-13 11:05:27
Camera,6,39.80,2025-07-13 11:05:27
Camera,6,42.74,2025-07-13 11:05:27
Camera,6,55.32,2025-07-13 11:05:27
Camera,6,60.23,2025-07-13 11:05:27
Camera,6,60.23,2025-07-13 11:05:27
Camera,6,73.61,2025-07-13 11:05:27
Camera,6,71.67,2025-07-13 11:05:27
Camera,6,47.84,2025-07-13 11:05:27
Camera,6,47.84,2025-07-13 11:05:27
Camera,6,49.84,2025-07-13 11:05:27
Camera,6,41.16,2025-07-13 11:05:27
Camera,6,41.16,2025-07-13 11:05:28
Camera,6,41.98,2025-07-13 11:05:28
Camera,2,35.37,2025-07-13 11:05:28
Camera,2,31.54,2025-07-13 11:05:28
Camera,2,31.54,2025-07-13 11:05:28
Camera,6,51.74,2025-07-13 11:05:28
Camera,6,31.50,2025-07-13 11:05:28
Camera,6,33.52,2025-07-13 11:05:28
Camera,6,33.52,2025-07-13 11:05:28
Camera,6,38.97,2025-07-13 11:05:28
Camera,6,41.23,2025-07-13 11:05:28
Camera,6,39.24,2025-07-13 11:05:28
Camera,6,33.92,2025-07-13 11:05:29
Camera,6,33.92,2025-07-13 11:05:29
Camera,6,34.49,2025-07-13 11:05:29
Camera,0,32.00,2025-07-13 11:05:29
Camera,0,32.43,2025-07-13 11:05:29
Camera,0,32.43,2025-07-13 11:05:29
Camera,0,29.97,2025-07-13 11:05:29
Camera,0,37.52,2025-07-13 11:05:29
Camera,0,56.79,2025-07-13 11:05:29
Camera,0,56.79,2025-07-13 11:05:29
Camera,0,78.10,2025-07-13 11:05:29
Camera,0,76.11,2025-07-13 11:05:29
Camera,0,76.11,2025-07-13 11:05:30
Camera,0,50.27,2025-07-13 11:05:30
Camera,6,32.25,2025-07-13 11:05:30
Camera,6,30.47,2025-07-13 11:05:30
Camera,6,30.47,2025-07-13 11:05:30
Camera,2,33.54,2025-07-13 11:05:30
Camera,2,44.29,2025-07-13 11:05:30
Camera,4,41.94,2025-07-13 11:05:30
Camera,4,41.94,2025-07-13 11:05:30
Camera,4,44.24,2025-07-13 11:05:30
Camera,4,45.29,2025-07-13 11:05:30
Camera,8,48.60,2025-07-13 11:05:30
Camera,8,48.60,2025-07-13 11:05:31
Camera,6,36.21,2025-07-13 11:05:31
Camera,8,38.91,2025-07-13 11:05:31
Camera,6,27.86,2025-07-13 11:05:31
Camera,0,21.71,2025-07-13 11:05:31
Camera,0,29.49,2025-07-13 11:05:31
Camera,0,27.13,2025-07-13 11:05:31
Camera,0,25.29,2025-07-13 11:05:31
Camera,0,27.89,2025-07-13 11:05:31
Camera,6,23.29,2025-07-13 11:05:31
Camera,0,29.81,2025-07-13 11:05:31
Camera,0,31.34,2025-07-13 11:05:31
Camera,0,35.33,2025-07-13 11:05:32
Camera,0,30.08,2025-07-13 11:05:32
Camera,6,48.98,2025-07-13 11:05:32
Camera,6,54.21,2025-07-13 11:05:32
Camera,6,60.13,2025-07-13 11:05:32
Camera,6,60.13,2025-07-13 11:05:32
Camera,6,58.65,2025-07-13 11:05:32
Camera,6,62.29,2025-07-13 11:05:32
Camera,6,76.23,2025-07-13 11:05:32
Camera,6,76.23,2025-07-13 11:05:32
Camera,6,74.54,2025-07-13 11:05:32
Camera,6,61.95,2025-07-13 11:05:32
Camera,6,47.97,2025-07-13 11:05:32
Camera,6,47.97,2025-07-13 11:05:33
Camera,6,37.52,2025-07-13 11:05:33
Camera,6,38.22,2025-07-13 11:05:33
Camera,6,37.31,2025-07-13 11:05:33
Camera,6,37.31,2025-07-13 11:05:33
Camera,6,35.07,2025-07-13 11:05:33
Camera,6,40.62,2025-07-13 11:05:33
Camera,6,40.46,2025-07-13 11:05:33
Camera,6,40.46,2025-07-13 11:05:33
Camera,6,30.44,2025-07-13 11:05:33
Camera,4,23.07,2025-07-13 11:05:33
Camera,4,30.10,2025-07-13 11:05:33
Camera,4,30.10,2025-07-13 11:05:34
Camera,4,24.20,2025-07-13 11:05:34
Camera,8,23.31,2025-07-13 11:05:34
Camera,8,23.31,2025-07-13 11:05:34
Camera,8,23.54,2025-07-13 11:05:34
Camera,8,26.85,2025-07-13 11:05:34
Camera,8,28.05,2025-07-13 11:05:34
Camera,8,28.05,2025-07-13 11:05:34
Camera,6,30.78,2025-07-13 11:05:34
Camera,6,31.72,2025-07-13 11:05:34
Camera,6,31.29,2025-07-13 11:05:34
Camera,6,31.29,2025-07-13 11:05:34
Camera,6,32.23,2025-07-13 11:05:35
Camera,6,33.79,2025-07-13 11:05:35
Camera,6,28.31,2025-07-13 11:05:35
Camera,6,30.22,2025-07-13 11:05:35
Camera,6,29.35,2025-07-13 11:05:35
Camera,6,31.26,2025-07-13 11:05:35
Camera,6,30.02,2025-07-13 11:05:35
Camera,6,23.00,2025-07-13 11:05:35
Camera,6,23.50,2025-07-13 11:05:35
Camera,4,23.72,2025-07-13 11:05:35
Camera,4,25.46,2025-07-13 11:05:35
Camera,4,19.11,2025-07-13 11:05:35
Camera,4,20.32,2025-07-13 11:05:36
Camera,4,20.25,2025-07-13 11:05:36
Camera,4,21.27,2025-07-13 11:05:36
Camera,4,40.26,2025-07-13 11:05:36
Camera,4,41.40,2025-07-13 11:05:36
Camera,4,32.98,2025-07-13 11:05:36
Camera,4,30.95,2025-07-13 11:05:36
Camera,0,35.34,2025-07-13 11:05:36
Camera,0,35.76,2025-07-13 11:05:36
Camera,6,44.35,2025-07-13 11:05:36
Camera,6,49.93,2025-07-13 11:05:36
Camera,6,46.88,2025-07-13 11:05:36
Camera,6,46.13,2025-07-13 11:05:37
Camera,6,49.82,2025-07-13 11:05:37
Camera,6,52.80,2025-07-13 11:05:37
Camera,0,41.13,2025-07-13 11:05:37
Camera,0,41.95,2025-07-13 11:05:37
Camera,0,49.70,2025-07-13 11:05:37
Camera,0,49.51,2025-07-13 11:05:37
Camera,0,45.48,2025-07-13 11:05:37
Camera,0,45.98,2025-07-13 11:05:37
Camera,6,56.59,2025-07-13 11:05:37
Camera,6,56.24,2025-07-13 11:05:37
Camera,6,40.69,2025-07-13 11:05:37
Camera,6,36.78,2025-07-13 11:05:38
Camera,6,56.40,2025-07-13 11:05:38
Camera,6,57.52,2025-07-13 11:05:38
Camera,6,66.87,2025-07-13 11:05:38
Camera,6,62.94,2025-07-13 11:05:38
Camera,6,69.56,2025-07-13 11:05:38
Camera,6,66.26,2025-07-13 11:05:38
Camera,6,61.43,2025-07-13 11:05:38
Camera,6,49.91,2025-07-13 11:05:38
Camera,0,28.25,2025-07-13 11:05:38
Camera,0,27.32,2025-07-13 11:05:38
Camera,4,35.73,2025-07-13 11:05:38
Camera,0,45.78,2025-07-13 11:05:38
Camera,0,43.66,2025-07-13 11:05:39
Camera,0,46.71,2025-07-13 11:05:39
Camera,0,51.67,2025-07-13 11:05:39
Camera,0,36.29,2025-07-13 11:05:39
Camera,0,37.76,2025-07-13 11:05:39
Camera,6,32.87,2025-07-13 11:05:39
Camera,6,35.11,2025-07-13 11:05:39
Camera,6,33.30,2025-07-13 11:05:39
Camera,6,31.87,2025-07-13 11:05:39
Camera,6,29.84,2025-07-13 11:05:39
Camera,6,31.80,2025-07-13 11:05:39
Camera,6,39.75,2025-07-13 11:05:39
Camera,6,39.47,2025-07-13 11:05:40
Camera,6,36.90,2025-07-13 11:05:40
Camera,6,35.56,2025-07-13 11:05:40
Camera,6,32.12,2025-07-13 11:05:40
Camera,6,33.45,2025-07-13 11:05:40
Camera,6,38.83,2025-07-13 11:05:40
Camera,6,39.48,2025-07-13 11:05:40
Camera,6,47.46,2025-07-13 11:05:40
Camera,6,48.30,2025-07-13 11:05:40
Camera,6,48.68,2025-07-13 11:05:40
Camera,6,52.38,2025-07-13 11:05:40
Camera,6,42.04,2025-07-13 11:05:40
Camera,6,42.10,2025-07-13 11:05:41
Camera,6,53.91,2025-07-13 11:05:41
Camera,6,53.91,2025-07-13 11:05:41
Camera,6,56.09,2025-07-13 11:05:41
Camera,6,57.59,2025-07-13 11:05:41
Camera,6,55.20,2025-07-13 11:05:41
Camera,6,52.38,2025-07-13 11:05:41
Camera,6,48.08,2025-07-13 11:05:41
Camera,6,48.99,2025-07-13 11:05:41
Camera,6,49.63,2025-07-13 11:05:41
Camera,6,42.79,2025-07-13 11:05:41
Camera,6,46.53,2025-07-13 11:05:41
Camera,6,53.15,2025-07-13 11:05:42
Camera,6,55.48,2025-07-13 11:05:42
Camera,6,53.98,2025-07-13 11:05:42
Camera,6,53.10,2025-07-13 11:05:42
Camera,6,53.69,2025-07-13 11:05:42
Camera,6,51.93,2025-07-13 11:05:42
Camera,6,41.74,2025-07-13 11:05:42
Camera,6,38.32,2025-07-13 11:05:42
Camera,6,39.10,2025-07-13 11:05:42
Camera,6,39.60,2025-07-13 11:05:42
Camera,6,46.99,2025-07-13 11:05:42
Camera,6,43.37,2025-07-13 11:05:42
Camera,6,45.04,2025-07-13 11:05:42
Camera,6,44.36,2025-07-13 11:05:43
Camera,6,49.46,2025-07-13 11:05:43
Camera,6,51.79,2025-07-13 11:05:43
Camera,6,51.77,2025-07-13 11:05:43
Camera,6,45.86,2025-07-13 11:05:43
Camera,6,45.38,2025-07-13 11:05:43
Camera,6,46.33,2025-07-13 11:05:43
Camera,6,46.17,2025-07-13 11:05:43
Camera,6,44.58,2025-07-13 11:05:43
Camera,6,43.91,2025-07-13 11:05:43
Camera,6,44.05,2025-07-13 11:05:43
Camera,6,44.72,2025-07-13 11:05:43
Camera,6,42.65,2025-07-13 11:05:44
Camera,6,43.67,2025-07-13 11:05:44
Camera,6,44.80,2025-07-13 11:05:44
Camera,6,45.08,2025-07-13 11:05:44
Camera,6,45.09,2025-07-13 11:05:44
Camera,6,44.22,2025-07-13 11:05:44
Camera,6,43.57,2025-07-13 11:05:44
Camera,6,44.83,2025-07-13 11:05:44
Camera,6,45.30,2025-07-13 11:05:44
Camera,6,43.32,2025-07-13 11:05:44
Camera,6,44.30,2025-07-13 11:05:44
Camera,6,44.49,2025-07-13 11:05:44
Camera,6,44.60,2025-07-13 11:05:45
Camera,6,45.84,2025-07-13 11:05:45
Camera,6,45.38,2025-07-13 11:05:45
Camera,6,45.48,2025-07-13 11:05:45
Camera,6,46.43,2025-07-13 11:05:45
Camera,6,46.07,2025-07-13 11:05:45
Camera,6,46.14,2025-07-13 11:05:45
Camera,6,45.38,2025-07-13 11:05:45
Camera,6,46.31,2025-07-13 11:05:45
Camera,6,46.43,2025-07-13 11:05:45
Camera,6,47.55,2025-07-13 11:05:45
Camera,6,47.48,2025-07-13 11:05:45
Camera,6,47.93,2025-07-13 11:05:46
Camera,6,47.56,2025-07-13 11:05:46
Camera,6,47.26,2025-07-13 11:05:46
Camera,6,46.21,2025-07-13 11:05:46
Camera,6,47.44,2025-07-13 11:05:46
Camera,6,48.71,2025-07-13 11:05:46
Camera,6,47.07,2025-07-13 11:05:46
Camera,6,48.67,2025-07-13 11:05:46
Camera,6,48.22,2025-07-13 11:05:46
Camera,6,48.71,2025-07-13 11:05:46
Camera,6,49.20,2025-07-13 11:05:46
Camera,6,48.34,2025-07-13 11:05:46
Camera,6,48.44,2025-07-13 11:05:46
Camera,6,49.45,2025-07-13 11:05:47
Camera,6,48.83,2025-07-13 11:05:47
Camera,6,49.31,2025-07-13 11:05:47
Camera,6,49.46,2025-07-13 11:05:47
Camera,6,50.64,2025-07-13 11:05:47
Camera,6,53.97,2025-07-13 11:05:47
Camera,6,53.74,2025-07-13 11:05:47
Camera,6,54.46,2025-07-13 11:05:47
Camera,6,53.74,2025-07-13 11:05:47
Camera,6,52.48,2025-07-13 11:05:47
Camera,6,59.74,2025-07-13 11:05:47
Camera,6,58.84,2025-07-13 11:05:47
Camera,6,60.01,2025-07-13 11:05:48
Camera,6,61.28,2025-07-13 11:05:48
Camera,6,44.90,2025-07-13 11:05:48
Camera,6,21.66,2025-07-13 11:05:48
Camera,6,20.23,2025-07-13 11:05:48
Camera,0,18.45,2025-07-13 11:05:48
Camera,7,32.40,2025-07-13 11:05:48
Camera,7,32.40,2025-07-13 11:05:48
Camera,7,76.82,2025-07-13 11:05:48
Camera,7,28.18,2025-07-13 11:05:48
Camera,2,25.05,2025-07-13 11:05:48
Camera,5,21.17,2025-07-13 11:05:49
Camera,4,28.24,2025-07-13 11:05:49
Camera,4,30.35,2025-07-13 11:05:49
Camera,4,53.97,2025-07-13 11:05:49
Camera,4,53.97,2025-07-13 11:05:49
Camera,4,46.80,2025-07-13 11:05:49
Camera,4,39.88,2025-07-13 11:05:49
Camera,5,38.53,2025-07-13 11:05:49
Camera,5,38.53,2025-07-13 11:05:49
Camera,5,48.33,2025-07-13 11:05:49
Camera,5,58.71,2025-07-13 11:05:49
Camera,5,58.71,2025-07-13 11:05:49
Camera,4,37.90,2025-07-13 11:05:50
Camera,4,52.28,2025-07-13 11:05:50
Camera,4,31.40,2025-07-13 11:05:50
Camera,5,28.22,2025-07-13 11:05:50
Camera,5,51.68,2025-07-13 11:05:50
Camera,4,45.38,2025-07-13 11:05:50
Camera,4,54.26,2025-07-13 11:05:50
Camera,4,54.26,2025-07-13 11:05:50
Camera,4,36.46,2025-07-13 11:05:50
Camera,4,39.05,2025-07-13 11:05:50
Camera,4,32.29,2025-07-13 11:05:50
Camera,4,32.29,2025-07-13 11:05:50
Camera,4,33.85,2025-07-13 11:05:50
Camera,1,26.04,2025-07-13 11:05:51
Camera,4,21.95,2025-07-13 11:05:51
Camera,4,21.95,2025-07-13 11:05:51
Camera,4,26.29,2025-07-13 11:05:51
Camera,1,28.24,2025-07-13 11:05:51
Camera,1,21.36,2025-07-13 11:05:51
Camera,1,21.36,2025-07-13 11:05:51
Camera,1,37.22,2025-07-13 11:05:51
Camera,1,49.61,2025-07-13 11:05:51
Camera,1,46.95,2025-07-13 11:05:51
Camera,1,46.95,2025-07-13 11:05:51
Camera,1,30.52,2025-07-13 11:05:51
Camera,4,19.02,2025-07-13 11:05:52
Camera,4,19.02,2025-07-13 11:05:52
Camera,5,23.10,2025-07-13 11:05:52
Camera,5,25.80,2025-07-13 11:05:52
Camera,5,28.67,2025-07-13 11:05:52
Camera,5,28.67,2025-07-13 11:05:52
Camera,5,23.91,2025-07-13 11:05:52
Camera,8,23.72,2025-07-13 11:05:52
Camera,6,20.83,2025-07-13 11:05:52
Camera,6,20.83,2025-07-13 11:05:52
Camera,1,37.05,2025-07-13 11:05:52
Camera,1,36.74,2025-07-13 11:05:52
Camera,1,44.50,2025-07-13 11:05:53
Camera,1,44.50,2025-07-13 11:05:53
Camera,4,26.81,2025-07-13 11:05:53
Camera,4,26.14,2025-07-13 11:05:53
Camera,1,32.43,2025-07-13 11:05:53
Camera,1,55.52,2025-07-13 11:05:53
Camera,1,48.23,2025-07-13 11:05:53
Camera,1,28.58,2025-07-13 11:05:53
Camera,4,37.19,2025-07-13 11:05:53
Camera,4,37.19,2025-07-13 11:05:53
Camera,4,53.79,2025-07-13 11:05:53
Camera,4,60.17,2025-07-13 11:05:53
Camera,4,55.67,2025-07-13 11:05:54
Camera,4,55.67,2025-07-13 11:05:54
Camera,4,55.89,2025-07-13 11:05:54
Camera,4,56.65,2025-07-13 11:05:54
Camera,4,56.65,2025-07-13 11:05:54
Camera,4,56.22,2025-07-13 11:05:54
Camera,4,52.99,2025-07-13 11:05:54
Camera,4,46.60,2025-07-13 11:05:54
Camera,4,43.79,2025-07-13 11:05:54
Camera,4,44.92,2025-07-13 11:05:54
Camera,4,53.70,2025-07-13 11:05:54
Camera,4,54.45,2025-07-13 11:05:54
Camera,4,54.45,2025-07-13 11:05:54
Camera,4,48.09,2025-07-13 11:05:55
Camera,4,46.90,2025-07-13 11:05:55
Camera,4,50.45,2025-07-13 11:05:55
Camera,4,50.45,2025-07-13 11:05:55
Camera,4,51.72,2025-07-13 11:05:55
Camera,4,46.20,2025-07-13 11:05:55
Camera,4,43.51,2025-07-13 11:05:55
Camera,4,43.51,2025-07-13 11:05:55
Camera,4,41.86,2025-07-13 11:05:55
Camera,4,41.65,2025-07-13 11:05:55
Camera,4,43.29,2025-07-13 11:05:55
Camera,4,43.29,2025-07-13 11:05:55
Camera,4,40.98,2025-07-13 11:05:56
Camera,4,44.62,2025-07-13 11:05:56
Camera,4,58.25,2025-07-13 11:05:56
Camera,4,58.25,2025-07-13 11:05:56
Camera,4,54.36,2025-07-13 11:05:56
Camera,4,40.79,2025-07-13 11:05:56
Camera,4,40.38,2025-07-13 11:05:56
Camera,4,40.41,2025-07-13 11:05:56
Camera,4,43.88,2025-07-13 11:05:56
Camera,4,39.52,2025-07-13 11:05:56
Camera,4,30.32,2025-07-13 11:05:56
Camera,4,30.32,2025-07-13 11:05:56
Camera,4,29.54,2025-07-13 11:05:57
Camera,4,32.06,2025-07-13 11:05:57
Camera,4,32.06,2025-07-13 11:05:57
Camera,4,32.46,2025-07-13 11:05:57
Camera,4,34.86,2025-07-13 11:05:57
Camera,4,33.12,2025-07-13 11:05:57
Camera,4,33.12,2025-07-13 11:05:57
Camera,7,33.50,2025-07-13 11:05:57
Camera,7,30.60,2025-07-13 11:05:57
Camera,7,33.16,2025-07-13 11:05:57
Camera,7,34.45,2025-07-13 11:05:57
Camera,1,36.71,2025-07-13 11:05:57
Camera,1,41.40,2025-07-13 11:05:58
Camera,1,40.04,2025-07-13 11:05:58
Camera,1,40.04,2025-07-13 11:05:58
Camera,1,39.52,2025-07-13 11:05:58
Camera,1,61.19,2025-07-13 11:05:58
Camera,1,66.35,2025-07-13 11:05:58
Camera,1,66.35,2025-07-13 11:05:58
Camera,1,73.57,2025-07-13 11:05:58
Camera,1,73.01,2025-07-13 11:05:58
Camera,1,74.66,2025-07-13 11:05:58
Camera,1,74.66,2025-07-13 11:05:58
Camera,5,38.77,2025-07-13 11:05:58
Camera,5,32.71,2025-07-13 11:05:59
Camera,5,32.71,2025-07-13 11:05:59
Camera,6,25.08,2025-07-13 11:05:59
Camera,0,38.50,2025-07-13 11:05:59
Camera,0,42.96,2025-07-13 11:05:59
Camera,6,59.29,2025-07-13 11:05:59
Camera,6,63.72,2025-07-13 11:05:59
Camera,6,63.72,2025-07-13 11:05:59
Camera,6,70.17,2025-07-13 11:05:59
Camera,6,57.02,2025-07-13 11:05:59
Camera,6,47.93,2025-07-13 11:05:59
Camera,6,40.32,2025-07-13 11:05:59
Camera,8,41.22,2025-07-13 11:05:59
Camera,8,41.22,2025-07-13 11:06:00
Camera,6,42.41,2025-07-13 11:06:00
Camera,6,49.19,2025-07-13 11:06:00
Camera,6,61.35,2025-07-13 11:06:00
Camera,6,60.14,2025-07-13 11:06:00
Camera,6,53.23,2025-07-13 11:06:00
Camera,6,53.23,2025-07-13 11:06:00
Camera,6,56.07,2025-07-13 11:06:00
Camera,6,57.34,2025-07-13 11:06:00
Camera,6,58.17,2025-07-13 11:06:00
Camera,6,50.51,2025-07-13 11:06:00
Camera,6,46.87,2025-07-13 11:06:00
Camera,6,46.87,2025-07-13 11:06:01
Camera,6,55.00,2025-07-13 11:06:01
Camera,6,58.99,2025-07-13 11:06:01
Camera,6,64.14,2025-07-13 11:06:01
Camera,6,24.53,2025-07-13 11:06:01
Camera,6,28.83,2025-07-13 11:06:01
Camera,6,33.76,2025-07-13 11:06:01
Camera,6,31.67,2025-07-13 11:06:01
Camera,6,31.67,2025-07-13 11:06:01
Camera,6,23.53,2025-07-13 11:06:01
Camera,6,24.54,2025-07-13 11:06:01
Camera,6,24.33,2025-07-13 11:06:01
Camera,6,29.40,2025-07-13 11:06:02
Camera,6,29.40,2025-07-13 11:06:02
Camera,6,38.30,2025-07-13 11:06:02
Camera,6,37.64,2025-07-13 11:06:02
Camera,6,37.64,2025-07-13 11:06:02
Camera,6,35.55,2025-07-13 11:06:02
Camera,6,35.08,2025-07-13 11:06:02
Camera,6,35.83,2025-07-13 11:06:02
Camera,6,35.83,2025-07-13 11:06:02
Camera,6,36.13,2025-07-13 11:06:02
Camera,6,32.22,2025-07-13 11:06:02
Camera,6,31.23,2025-07-13 11:06:02
Camera,6,33.11,2025-07-13 11:06:03
Camera,6,35.20,2025-07-13 11:06:03
Camera,6,35.70,2025-07-13 11:06:03
Camera,6,35.03,2025-07-13 11:06:03
Camera,6,35.03,2025-07-13 11:06:03
Camera,6,33.33,2025-07-13 11:06:03
Camera,6,31.81,2025-07-13 11:06:03
Camera,6,32.33,2025-07-13 11:06:03
Camera,6,32.33,2025-07-13 11:06:03
Camera,6,31.75,2025-07-13 11:06:03
Camera,6,31.69,2025-07-13 11:06:03
Camera,6,29.67,2025-07-13 11:06:03
Camera,6,29.67,2025-07-13 11:06:04
Camera,6,29.61,2025-07-13 11:06:04
Camera,6,29.10,2025-07-13 11:06:04
Camera,6,29.02,2025-07-13 11:06:04
Camera,6,30.75,2025-07-13 11:06:04
Camera,6,30.50,2025-07-13 11:06:04
Camera,6,30.57,2025-07-13 11:06:04
Camera,6,30.57,2025-07-13 11:06:04
Camera,6,28.90,2025-07-13 11:06:04
Camera,6,30.65,2025-07-13 11:06:04
Camera,6,29.10,2025-07-13 11:06:04
Camera,6,29.10,2025-07-13 11:06:04
Camera,6,28.35,2025-07-13 11:06:04
Camera,6,25.89,2025-07-13 11:06:05
Camera,4,23.72,2025-07-13 11:06:05
Camera,4,23.72,2025-07-13 11:06:05
Camera,6,19.78,2025-07-13 11:06:05
Camera,6,22.26,2025-07-13 11:06:05
Camera,4,23.39,2025-07-13 11:06:05
Camera,4,23.39,2025-07-13 11:06:05
Camera,6,22.69,2025-07-13 11:06:05
Camera,6,23.43,2025-07-13 11:06:05
Camera,4,27.14,2025-07-13 11:06:05
Camera,4,27.14,2025-07-13 11:06:05
Camera,4,23.98,2025-07-13 11:06:05
Camera,4,25.48,2025-07-13 11:06:06
Camera,4,25.48,2025-07-13 11:06:06
Camera,6,39.81,2025-07-13 11:06:06
Camera,6,58.43,2025-07-13 11:06:06
Camera,6,55.04,2025-07-13 11:06:06
Camera,4,19.08,2025-07-13 11:06:06
Camera,4,19.08,2025-07-13 11:06:06
Camera,4,38.84,2025-07-13 11:06:06
Camera,4,29.62,2025-07-13 11:06:06
Camera,4,29.62,2025-07-13 11:06:06
Camera,1,19.65,2025-07-13 11:06:06
Camera,0,25.18,2025-07-13 11:06:06
Camera,6,51.40,2025-07-13 11:06:07
Camera,6,51.40,2025-07-13 11:06:07
Camera,6,54.00,2025-07-13 11:06:07
Camera,0,19.62,2025-07-13 11:06:07
Camera,4,37.58,2025-07-13 11:06:07
Camera,4,41.38,2025-07-13 11:06:07
Camera,5,31.74,2025-07-13 11:06:07
Camera,6,18.85,2025-07-13 11:06:07
Camera,6,29.44,2025-07-13 11:06:07
Camera,6,29.44,2025-07-13 11:06:07
Camera,6,32.29,2025-07-13 11:06:07
Camera,6,26.34,2025-07-13 11:06:07
Camera,6,29.89,2025-07-13 11:06:08
Camera,6,29.89,2025-07-13 11:06:08
Camera,6,28.33,2025-07-13 11:06:08
Camera,6,28.19,2025-07-13 11:06:08
Camera,6,30.88,2025-07-13 11:06:08
Camera,6,30.88,2025-07-13 11:06:08
Camera,6,29.42,2025-07-13 11:06:08
Camera,6,26.17,2025-07-13 11:06:08
Camera,6,25.90,2025-07-13 11:06:08
Camera,6,25.90,2025-07-13 11:06:08
Camera,6,38.66,2025-07-13 11:06:08
Camera,6,35.09,2025-07-13 11:06:08
Camera,6,38.08,2025-07-13 11:06:09
Camera,6,38.08,2025-07-13 11:06:09
Camera,6,37.72,2025-07-13 11:06:09
Camera,6,39.82,2025-07-13 11:06:09
Camera,6,41.03,2025-07-13 11:06:09
Camera,6,39.77,2025-07-13 11:06:09
Camera,6,45.79,2025-07-13 11:06:09
Camera,6,60.35,2025-07-13 11:06:09
Camera,6,58.26,2025-07-13 11:06:09
Camera,6,58.26,2025-07-13 11:06:09
Camera,6,54.62,2025-07-13 11:06:09
Camera,6,51.48,2025-07-13 11:06:09
Camera,6,51.48,2025-07-13 11:06:09
Camera,6,45.36,2025-07-13 11:06:10
Camera,6,41.07,2025-07-13 11:06:10
Camera,0,33.95,2025-07-13 11:06:10
Camera,0,33.95,2025-07-13 11:06:10
Camera,0,36.56,2025-07-13 11:06:10
Camera,0,32.86,2025-07-13 11:06:10
Camera,6,41.03,2025-07-13 11:06:10
Camera,6,32.68,2025-07-13 11:06:10
Camera,6,33.01,2025-07-13 11:06:10
Camera,6,24.22,2025-07-13 11:06:10
Camera,6,25.04,2025-07-13 11:06:10
Camera,6,25.04,2025-07-13 11:06:10
Camera,6,23.65,2025-07-13 11:06:11
Camera,6,20.07,2025-07-13 11:06:11
Camera,6,20.29,2025-07-13 11:06:11
Camera,6,23.98,2025-07-13 11:06:11
Camera,6,26.15,2025-07-13 11:06:11
Camera,6,29.80,2025-07-13 11:06:11
Camera,6,29.80,2025-07-13 11:06:11
Camera,6,27.72,2025-07-13 11:06:11
Camera,6,26.95,2025-07-13 11:06:11
Camera,6,29.82,2025-07-13 11:06:11
Camera,6,40.84,2025-07-13 11:06:11
Camera,6,45.69,2025-07-13 11:06:11
Camera,6,43.13,2025-07-13 11:06:12
Camera,6,43.00,2025-07-13 11:06:12
Camera,6,43.00,2025-07-13 11:06:12
Camera,6,48.12,2025-07-13 11:06:12
Camera,6,53.27,2025-07-13 11:06:12
Camera,6,53.06,2025-07-13 11:06:12
Camera,6,53.06,2025-07-13 11:06:12
Camera,6,51.63,2025-07-13 11:06:12
Camera,6,51.23,2025-07-13 11:06:12
Camera,6,51.47,2025-07-13 11:06:12
Camera,6,51.47,2025-07-13 11:06:12
Camera,6,51.03,2025-07-13 11:06:12
Camera,6,51.18,2025-07-13 11:06:12
Camera,6,51.02,2025-07-13 11:06:13
Camera,6,51.02,2025-07-13 11:06:13
Camera,6,50.14,2025-07-13 11:06:13
Camera,6,48.51,2025-07-13 11:06:13
Camera,6,48.51,2025-07-13 11:06:13
Camera,6,40.76,2025-07-13 11:06:13
Camera,6,36.34,2025-07-13 11:06:13
Camera,6,35.21,2025-07-13 11:06:13
Camera,6,35.21,2025-07-13 11:06:13
Camera,6,36.79,2025-07-13 11:06:13
Camera,6,39.32,2025-07-13 11:06:13
Camera,6,39.62,2025-07-13 11:06:13
Camera,6,39.62,2025-07-13 11:06:14
Camera,6,38.95,2025-07-13 11:06:14
Camera,6,40.27,2025-07-13 11:06:14
Camera,6,39.51,2025-07-13 11:06:14
Camera,6,39.51,2025-07-13 11:06:14
Camera,6,38.13,2025-07-13 11:06:14
Camera,6,36.17,2025-07-13 11:06:14
Camera,6,35.64,2025-07-13 11:06:14
Camera,6,35.64,2025-07-13 11:06:14
Camera,6,42.53,2025-07-13 11:06:14
Camera,4,18.56,2025-07-13 11:06:14
Camera,4,25.40,2025-07-13 11:06:14
Camera,0,18.16,2025-07-13 11:06:15
Camera,0,26.45,2025-07-13 11:06:15
Camera,0,34.00,2025-07-13 11:06:15
Camera,0,34.00,2025-07-13 11:06:15
Camera,2,35.60,2025-07-13 11:06:15
Camera,7,20.52,2025-07-13 11:06:15
Camera,7,55.07,2025-07-13 11:06:15
Camera,7,32.01,2025-07-13 11:06:15
Camera,7,26.32,2025-07-13 11:06:15
Camera,4,23.64,2025-07-13 11:06:15
Camera,4,22.74,2025-07-13 11:06:15
Camera,7,24.06,2025-07-13 11:06:15
Camera,0,35.80,2025-07-13 11:06:16
Camera,4,29.73,2025-07-13 11:06:16
Camera,0,40.78,2025-07-13 11:06:16
Camera,0,40.78,2025-07-13 11:06:16
Camera,4,32.86,2025-07-13 11:06:16
Camera,4,39.55,2025-07-13 11:06:16
Camera,7,48.70,2025-07-13 11:06:16
Camera,7,48.70,2025-07-13 11:06:16
Camera,4,51.77,2025-07-13 11:06:16
Camera,4,51.77,2025-07-13 11:06:16
Camera,4,36.53,2025-07-13 11:06:16
Camera,4,24.87,2025-07-13 11:06:16
Camera,6,22.88,2025-07-13 11:06:17
Camera,4,23.14,2025-07-13 11:06:17
Camera,6,22.00,2025-07-13 11:06:17
Camera,5,27.44,2025-07-13 11:06:17
Camera,5,27.44,2025-07-13 11:06:17
Camera,1,23.44,2025-07-13 11:06:17
Camera,1,34.81,2025-07-13 11:06:17
Camera,1,24.98,2025-07-13 11:06:17
Camera,1,21.18,2025-07-13 11:06:17
Camera,1,21.18,2025-07-13 11:06:17
Camera,1,26.85,2025-07-13 11:06:17
Camera,7,20.39,2025-07-13 11:06:17
Camera,7,22.45,2025-07-13 11:06:18
Camera,1,24.85,2025-07-13 11:06:18
Camera,1,25.97,2025-07-13 11:06:18
Camera,1,24.51,2025-07-13 11:06:18
Camera,4,18.01,2025-07-13 11:06:18
Camera,4,19.83,2025-07-13 11:06:18
Camera,4,20.75,2025-07-13 11:06:18
Camera,1,30.61,2025-07-13 11:06:18
Camera,1,30.61,2025-07-13 11:06:18
Camera,1,23.65,2025-07-13 11:06:18
Camera,1,21.65,2025-07-13 11:06:18
Camera,4,15.29,2025-07-13 11:06:18
Camera,4,18.46,2025-07-13 11:06:18
Camera,4,21.44,2025-07-13 11:06:19
Camera,4,38.85,2025-07-13 11:06:19
Camera,4,44.86,2025-07-13 11:06:19
Camera,4,24.05,2025-07-13 11:06:19
Camera,4,24.05,2025-07-13 11:06:19
Camera,1,25.76,2025-07-13 11:06:19
Camera,4,42.50,2025-07-13 11:06:19
Camera,4,45.51,2025-07-13 11:06:19
Camera,7,30.42,2025-07-13 11:06:19
Camera,7,28.89,2025-07-13 11:06:19
Camera,7,28.89,2025-07-13 11:06:19
Camera,7,28.22,2025-07-13 11:06:19
Camera,2,28.23,2025-07-13 11:06:20
Camera,2,29.57,2025-07-13 11:06:20
Camera,2,32.89,2025-07-13 11:06:20
Camera,2,32.89,2025-07-13 11:06:20
Camera,2,38.51,2025-07-13 11:06:20
Camera,2,42.62,2025-07-13 11:06:20
Camera,2,27.79,2025-07-13 11:06:20
Camera,2,27.79,2025-07-13 11:06:20
Camera,7,21.93,2025-07-13 11:06:20
Camera,3,23.41,2025-07-13 11:06:20
Camera,2,23.95,2025-07-13 11:06:20
Camera,2,25.18,2025-07-13 11:06:21
Camera,2,26.99,2025-07-13 11:06:21
Camera,2,23.49,2025-07-13 11:06:21
Camera,2,25.32,2025-07-13 11:06:21
Camera,2,26.89,2025-07-13 11:06:21
Camera,2,26.89,2025-07-13 11:06:21
Camera,2,33.17,2025-07-13 11:06:21
Camera,2,32.11,2025-07-13 11:06:21
Camera,2,33.37,2025-07-13 11:06:21
Camera,2,32.97,2025-07-13 11:06:21
Camera,2,33.82,2025-07-13 11:06:22
Camera,2,33.82,2025-07-13 11:06:22
Camera,2,32.62,2025-07-13 11:06:22
Camera,2,30.27,2025-07-13 11:06:22
Camera,2,31.46,2025-07-13 11:06:22
Camera,3,29.87,2025-07-13 11:06:22
Camera,2,30.49,2025-07-13 11:06:22
Camera,2,31.91,2025-07-13 11:06:22
Camera,2,34.39,2025-07-13 11:06:22
Camera,2,34.39,2025-07-13 11:06:22
Camera,2,34.39,2025-07-13 11:06:23
Camera,2,32.98,2025-07-13 11:06:23
Camera,2,32.53,2025-07-13 11:06:23
Camera,2,31.25,2025-07-13 11:06:23
Camera,2,30.69,2025-07-13 11:06:23
Camera,2,35.20,2025-07-13 11:06:23
Camera,2,30.23,2025-07-13 11:06:23
Camera,2,30.33,2025-07-13 11:06:23
Camera,2,34.01,2025-07-13 11:06:23
Camera,2,32.12,2025-07-13 11:06:23
Camera,2,35.59,2025-07-13 11:06:23
Camera,2,33.79,2025-07-13 11:06:24
Camera,2,34.06,2025-07-13 11:06:24
Camera,2,34.20,2025-07-13 11:06:24
Camera,2,35.38,2025-07-13 11:06:24
Camera,2,35.00,2025-07-13 11:06:24
Camera,2,33.42,2025-07-13 11:06:24
Camera,2,45.79,2025-07-13 11:06:24
Camera,2,45.79,2025-07-13 11:06:24
Camera,2,46.00,2025-07-13 11:06:24
Camera,2,38.78,2025-07-13 11:06:24
Camera,2,39.17,2025-07-13 11:06:24
Camera,2,40.34,2025-07-13 11:06:25
Camera,2,45.33,2025-07-13 11:06:25
Camera,2,45.37,2025-07-13 11:06:25
Camera,2,46.97,2025-07-13 11:06:25
Camera,2,46.94,2025-07-13 11:06:25
Camera,2,47.57,2025-07-13 11:06:25
Camera,2,47.57,2025-07-13 11:06:25
Camera,2,47.57,2025-07-13 11:06:25
Camera,2,50.38,2025-07-13 11:06:25
Camera,2,48.74,2025-07-13 11:06:25
Camera,2,49.43,2025-07-13 11:06:25
Camera,2,49.05,2025-07-13 11:06:26
Camera,2,46.75,2025-07-13 11:06:26
Camera,2,46.75,2025-07-13 11:06:26
Camera,2,46.75,2025-07-13 11:06:26
Canvas,4,98.90,2025-07-13 11:11:51
Canvas,3,90.60,2025-07-13 11:12:03
Canvas,2,77.26,2025-07-13 11:14:28
Canvas,2,67.30,2025-07-13 11:18:51
Canvas,2,99.20,2025-07-13 11:19:04
Canvas,3,95.62,2025-07-13 11:19:12
Canvas,5,43.38,2025-07-13 11:19:17
Canvas,3,35.08,2025-07-13 11:19:22
Canvas,5,95.15,2025-07-13 11:19:30
Canvas,3,40.68,2025-07-13 11:19:38
Canvas,2,95.70,2025-07-13 11:20:21
Canvas,4,55.25,2025-07-13 11:20:35
Canvas,5,93.50,2025-07-13 11:20:46
Canvas,5,90.55,2025-07-13 11:23:41
Canvas,4,98.77,2025-07-13 11:23:50
Canvas,4,88.87,2025-07-13 11:46:19
Canvas,2,53.92,2025-07-13 17:52:47
Canvas,4,95.52,2025-07-13 17:52:54
Canvas,0,95.27,2025-07-13 17:53:04
Canvas,7,95.99,2025-07-13 17:53:13
Canvas,0,55.73,2025-07-13 17:53:21
Canvas,0,48.26,2025-07-13 17:53:30
Canvas,5,75.85,2025-07-13 17:53:36
Canvas,5,95.45,2025-07-13 17:53:51
Canvas,5,82.96,2025-07-13 17:54:08
Canvas,1,56.11,2025-07-13 18:03:03
Canvas,2,62.44,2025-07-13 18:03:13
Canvas,0,93.80,2025-07-13 18:03:20
Canvas,7,95.73,2025-07-13 18:03:28
Canvas,6,96.39,2025-07-13 18:03:35
Canvas,6,74.18,2025-07-13 18:03:46
Canvas,0,99.78,2025-07-13 18:03:51
Canvas,8,99.89,2025-07-13 18:03:56
Canvas,0,54.09,2025-07-13 18:04:00
Canvas,0,54.09,2025-07-13 18:04:00
Canvas,8,94.15,2025-07-13 18:04:05
Canvas,0,99.61,2025-07-13 18:04:11
Canvas,0,91.27,2025-07-13 18:04:22
Canvas,0,61.20,2025-07-13 18:04:28
Canvas,4,42.21,2025-07-13 18:04:32
Canvas,0,82.79,2025-07-13 18:04:35
Canvas,4,87.44,2025-07-13 18:04:40
Canvas,8,98.26,2025-07-13 18:04:46
Canvas,8,98.42,2025-07-13 18:04:50
Canvas,8,42.53,2025-07-13 18:04:54
Canvas,0,80.21,2025-07-13 18:10:38
Canvas,0,99.50,2025-07-13 18:10:46
Canvas,0,66.26,2025-07-13 18:10:52
Canvas,0,99.86,2025-07-13 18:10:58
Canvas,0,99.94,2025-07-13 18:11:04
Canvas,0,72.83,2025-07-13 18:11:08
Canvas,0,99.45,2025-07-13 18:14:26
Canvas,0,50.20,2025-07-13 18:14:40
Canvas,0,100.00,2025-07-13 18:14:51
Canvas,0,64.11,2025-07-13 18:15:00
Canvas,0,96.84,2025-07-13 18:15:05
Canvas,5,92.89,2025-07-13 18:15:56
Canvas,4,97.16,2025-07-13 18:16:04
Canvas,0,51.66,2025-07-13 18:16:11
Canvas,7,94.48,2025-07-13 18:16:19
Canvas,8,44.62,2025-07-13 18:16:28
Canvas,8,89.86,2025-07-14 10:41:02
Canvas,8,83.10,2025-07-14 10:42:28
Canvas,2,57.40,2025-07-14 10:42:38
